postcode,state,long,lat
0200,ACT,149.119,-35.2777
2540,ACT,150.61644,-34.863483
2600,ACT,149.201072,-35.302911
2601,ACT,149.113796,-35.275863
2602,ACT,149.148147,-35.248071
2603,ACT,149.125739,-35.330382
2604,ACT,149.147614,-35.336413
2605,ACT,149.093455,-35.335821
2606,ACT,149.092601,-35.351693
2607,ACT,149.094831,-35.369991
2608,ACT,149.129372,-35.282868
2609,ACT,149.1940419,-35.304469
2610,ACT,149.13,-35.2809
2611,ACT,148.784415,-35.322291
2612,ACT,149.133208,-35.270615
2614,ACT,149.049796,-35.257315
2615,ACT,149.029308,-35.215386
2616,ACT,149.070336,-35.248442
2617,ACT,149.086682,-35.231279
2618,ACT,149.043278,-35.135588
2620,ACT,149.2104515,-35.34172619
2900,ACT,149.063805,-35.41891
2901,ACT,149.069,-35.4197
2902,ACT,149.049785,-35.389263
2903,ACT,149.081776,-35.402705
2904,ACT,149.111402,-35.410206
2905,ACT,149.110025,-35.431011
2906,ACT,149.08972,-35.45676
2911,ACT,149.132505,-35.218737
2912,ACT,149.123552,-35.172453
2913,ACT,149.0947174,-35.16700193
2914,ACT,149.125877,-35.170334
1001,NSW,151.268071,-33.794883
1002,NSW,151.268071,-33.794883
1003,NSW,151.268071,-33.794883
1004,NSW,151.268071,-33.794883
1005,NSW,151.268071,-33.794883
1006,NSW,151.268071,-33.794883
1007,NSW,151.268071,-33.794883
1008,NSW,151.268071,-33.794883
1009,NSW,151.268071,-33.794883
1010,NSW,151.268071,-33.794883
1020,NSW,151.268071,-33.794883
1021,NSW,151.268071,-33.794883
1022,NSW,151.268071,-33.794883
1023,NSW,151.268071,-33.794883
1025,NSW,151.268071,-33.794883
1026,NSW,151.268071,-33.794883
1027,NSW,151.268071,-33.794883
1028,NSW,151.268071,-33.794883
1029,NSW,151.268071,-33.794883
1030,NSW,151.268071,-33.794883
1031,NSW,151.268071,-33.794883
1032,NSW,150.874182,-33.662834
1033,NSW,151.268071,-33.794883
1034,NSW,151.268071,-33.794883
1035,NSW,151.268071,-33.794883
1036,NSW,151.268071,-33.794883
1037,NSW,151.268071,-33.794883
1038,NSW,151.268071,-33.794883
1039,NSW,151.268071,-33.794883
1040,NSW,151.268071,-33.794883
1041,NSW,151.268071,-33.794883
1042,NSW,151.268071,-33.794883
1043,NSW,151.268071,-33.794883
1044,NSW,151.268071,-33.794883
1045,NSW,151.268071,-33.794883
1046,NSW,151.268071,-33.794883
1100,NSW,151.268071,-33.794883
1101,NSW,151.268071,-33.794883
1105,NSW,151.268071,-33.794883
1106,NSW,151.268071,-33.794883
1107,NSW,151.268071,-33.794883
1108,NSW,151.268071,-33.794883
1109,NSW,151.268071,-33.794883
1110,NSW,151.268071,-33.794883
1112,NSW,151.268071,-33.794883
1113,NSW,151.268071,-33.794883
1114,NSW,151.268071,-33.794883
1115,NSW,151.268071,-33.794883
1116,NSW,150.866145,-33.666729
1117,NSW,150.87022,-33.664575
1118,NSW,151.268071,-33.794883
1119,NSW,151.268071,-33.794883
1120,NSW,151.268071,-33.794883
1121,NSW,151.268071,-33.794883
1122,NSW,151.268071,-33.794883
1123,NSW,151.268071,-33.794883
1124,NSW,151.268071,-33.794883
1125,NSW,151.268071,-33.794883
1126,NSW,151.268071,-33.794883
1127,NSW,151.268071,-33.794883
1128,NSW,151.268071,-33.794883
1129,NSW,151.268071,-33.794883
1130,NSW,151.268071,-33.794883
1131,NSW,151.268071,-33.794883
1132,NSW,150.874265,-33.66279
1133,NSW,151.268071,-33.794883
1134,NSW,151.268071,-33.794883
1135,NSW,151.268071,-33.794883
1136,NSW,151.268071,-33.794883
1137,NSW,151.268071,-33.794883
1138,NSW,151.268071,-33.794883
1139,NSW,151.268071,-33.794883
1140,NSW,151.268071,-33.794883
1141,NSW,151.268071,-33.794883
1142,NSW,151.268071,-33.794883
1143,NSW,151.268071,-33.794883
1144,NSW,151.268071,-33.794883
1145,NSW,151.268071,-33.794883
1146,NSW,151.268071,-33.794883
1147,NSW,151.268071,-33.794883
1148,NSW,151.268071,-33.794883
1149,NSW,151.268071,-33.794883
1150,NSW,151.268071,-33.794883
1151,NSW,151.268071,-33.794883
1152,NSW,151.268071,-33.794883
1153,NSW,151.268071,-33.794883
1154,NSW,151.268071,-33.794883
1155,NSW,151.268071,-33.794883
1156,NSW,151.268071,-33.794883
1157,NSW,151.268071,-33.794883
1158,NSW,151.268071,-33.794883
1159,NSW,151.268071,-33.794883
1160,NSW,151.268071,-33.794883
1161,NSW,151.268071,-33.794883
1162,NSW,151.268071,-33.794883
1163,NSW,151.268071,-33.794883
1164,NSW,151.268071,-33.794883
1165,NSW,151.268071,-33.794883
1166,NSW,151.268071,-33.794883
1167,NSW,151.268071,-33.794883
1168,NSW,151.268071,-33.794883
1169,NSW,151.268071,-33.794883
1170,NSW,151.268071,-33.794883
1171,NSW,151.268071,-33.794883
1172,NSW,151.268071,-33.794883
1173,NSW,151.268071,-33.794883
1174,NSW,151.268071,-33.794883
1175,NSW,151.268071,-33.794883
1176,NSW,151.268071,-33.794883
1177,NSW,151.268071,-33.794883
1178,NSW,151.268071,-33.794883
1179,NSW,151.268071,-33.794883
1180,NSW,151.268071,-33.794883
1181,NSW,151.268071,-33.794883
1182,NSW,151.268071,-33.794883
1183,NSW,151.268071,-33.794883
1184,NSW,151.268071,-33.794883
1185,NSW,151.268071,-33.794883
1186,NSW,151.268071,-33.794883
1187,NSW,151.268071,-33.794883
1188,NSW,151.268071,-33.794883
1189,NSW,151.268071,-33.794883
1190,NSW,151.268071,-33.794883
1191,NSW,151.268071,-33.794883
1192,NSW,147.685283,-34.790684
1193,NSW,151.268071,-33.794883
1194,NSW,151.268071,-33.794883
1195,NSW,151.268071,-33.794883
1196,NSW,151.268071,-33.794883
1197,NSW,151.268071,-33.794883
1198,NSW,151.268071,-33.794883
1199,NSW,151.268071,-33.794883
1201,NSW,151.268071,-33.794883
1202,NSW,151.268071,-33.794883
1203,NSW,151.268071,-33.794883
1205,NSW,151.268071,-33.794883
1207,NSW,151.268071,-33.794883
1208,NSW,151.659454,-29.816475
1209,NSW,151.176251,-33.891788
1210,NSW,151.176251,-33.891788
1211,NSW,151.176251,-33.891788
1212,NSW,151.176251,-33.891788
1213,NSW,151.176251,-33.891788
1214,NSW,151.176251,-33.891788
1215,NSW,151.176251,-33.891788
1216,NSW,151.034025,-33.741311
1217,NSW,151.034025,-33.741311
1218,NSW,151.034025,-33.741311
1219,NSW,151.034025,-33.741311
1220,NSW,151.034025,-33.741311
1221,NSW,151.207905,-33.86533
1222,NSW,151.207905,-33.86533
1223,NSW,151.207905,-33.86533
1224,NSW,151.207905,-33.86533
1225,NSW,151.207905,-33.86533
1226,NSW,151.206708,-33.871749
1227,NSW,151.206708,-33.871749
1228,NSW,151.206708,-33.871749
1229,NSW,151.206708,-33.871749
1230,NSW,151.206708,-33.871749
1231,NSW,151.042528,-33.815551
1232,NSW,151.042528,-33.815551
1233,NSW,151.042528,-33.815551
1234,NSW,151.042528,-33.815551
1235,NSW,151.042528,-33.815551
1236,NSW,151.659454,-29.816475
1237,NSW,151.659454,-29.816475
1238,NSW,151.659454,-29.816475
1239,NSW,151.659454,-29.816475
1240,NSW,151.659454,-29.816475
1291,NSW,151.268071,-33.794883
1292,NSW,151.268071,-33.794883
1293,NSW,151.268071,-33.794883
1294,NSW,151.268071,-33.794883
1295,NSW,151.268071,-33.794883
1296,NSW,151.268071,-33.794883
1297,NSW,151.268071,-33.794883
1298,NSW,151.268071,-33.794883
1299,NSW,151.268071,-33.794883
1300,NSW,151.220876,-33.877331
1314,NSW,151.21,-33.9508
1335,NSW,151.117575,-33.82269
1340,NSW,148.021014,-35.537721
1350,NSW,151.240508,-33.88871
1355,NSW,151.262502,-33.893739
1360,NSW,151.241938,-33.87584
1401,NSW,151.199825,-33.884217
1419,NSW,151.094,-34.0641
1420,NSW,150.931838,-33.726098
1422,NSW,150.931838,-33.726098
1423,NSW,150.931838,-33.726098
1424,NSW,150.931838,-33.726098
1425,NSW,150.931838,-33.726098
1426,NSW,150.931838,-33.726098
1427,NSW,150.931838,-33.726098
1428,NSW,150.931838,-33.726098
1429,NSW,150.931838,-33.726098
1430,NSW,151.199489,-33.890232
1435,NSW,151.108248,-33.711785
1440,NSW,151.057914,-33.902836
1441,NSW,151.057914,-33.902836
1445,NSW,151.007691,-34.083089
1450,NSW,153.13679,-30.305815
1455,NSW,151.197644,-33.947087
1460,NSW,151.210791,-33.926669
1465,NSW,151.140735,-33.888549
1466,NSW,151.234417,-33.906561
1470,NSW,151.151958,-33.842999
1475,NSW,151.15334,-33.90911
1476,NSW,151.15334,-33.90911
1480,NSW,151.100027,-33.935923
1481,NSW,151.101,-33.9646
1484,NSW,151.101,-33.9386
1485,NSW,151.140345,-33.974354
1490,NSW,151.107201,-34.035878
1493,NSW,151.088939,-33.975869
1495,NSW,151.123943,-34.046927
1499,NSW,151.0622,-34.015705
1515,NSW,151.207261,-33.824607
1560,NSW,151.214797,-33.812636
1565,NSW,151.193071,-33.865367
1570,NSW,151.192733,-33.808087
1585,NSW,151.20085,-33.83459
1590,NSW,151.468652,-33.292001
1595,NSW,151.187955,-33.791875
1597,NSW,151.187955,-33.791875
1602,NSW,151.166,-33.8148
1630,NSW,151.099812,-33.707684
1635,NSW,151.101,-33.7046
1639,NSW,151.246751,-33.793137
1640,NSW,151.246751,-33.793137
1655,NSW,151.505125,-33.329799
1658,NSW,151.216799,-33.698773
1660,NSW,151.216799,-33.698773
1670,NSW,151.12,-33.7932
1675,NSW,151.139681,-33.833033
1680,NSW,151.137807,-33.761498
1685,NSW,151.09064,-33.80406
1700,NSW,151.206982,-33.950299
1710,NSW,151.116696,-33.78417
1715,NSW,151.049106,-33.758433
1730,NSW,150.966912,-33.760263
1740,NSW,151.139472,-33.886166
1741,NSW,151.139472,-33.886166
1750,NSW,151.023102,-33.857053
1755,NSW,150.968177,-33.767239
1765,NSW,151.030535,-33.735906
1771,NSW,151.049106,-33.758433
1781,NSW,150.932,-33.7779
1790,NSW,151.19554,-33.859047
1800,NSW,151.124008,-33.887602
1805,NSW,151.10082,-33.891556
1811,NSW,151.051375,-33.82328
1819,NSW,151.093326,-33.877139
1825,NSW,151.044768,-33.872483
1830,NSW,150.948582,-33.859289
1831,NSW,150.948582,-33.859289
1835,NSW,151.023796,-33.883928
1851,NSW,150.911,-33.8498
1860,NSW,150.961124,-33.850457
1871,NSW,151.103632,-33.888327
1875,NSW,150.92236,-33.954639
1885,NSW,151.024581,-33.907417
1888,NSW,151.024581,-33.907417
1890,NSW,150.802088,-33.960035
1891,NSW,151.000183,-33.932221
2000,NSW,151.2015802,-33.86051951
2001,NSW,151.268071,-33.794883
2002,NSW,151.2069237,-33.8771211
2004,NSW,151.19,-33.908
2006,NSW,151.186507,-33.889219
2007,NSW,151.19665,-33.883189
2008,NSW,151.193858,-33.891146
2009,NSW,151.193055,-33.871222
2010,NSW,151.212262,-33.884119
2011,NSW,151.221626,-33.873599
2012,NSW,150.931838,-33.726098
2013,NSW,150.931838,-33.726098
2015,NSW,151.194825,-33.910105
2016,NSW,151.206211,-33.894912
2017,NSW,151.206316,-33.903892
2018,NSW,151.202697,-33.9233
2019,NSW,151.207285,-33.946923
2020,NSW,151.176775,-33.936179
2021,NSW,151.227236,-33.895705
2022,NSW,151.245049,-33.896401
2023,NSW,151.25591,-33.884685
2024,NSW,151.259392,-33.904414
2025,NSW,151.240508,-33.88871
2026,NSW,151.268968,-33.891041
2027,NSW,151.250494,-33.868972
2028,NSW,151.240965,-33.878413
2029,NSW,151.266989,-33.875709
2030,NSW,151.275977,-33.858378
2031,NSW,151.239167,-33.914832
2032,NSW,151.223936,-33.930314
2033,NSW,151.218435,-33.91139
2034,NSW,151.252171,-33.929096
2035,NSW,151.241292,-33.945635
2036,NSW,151.237844,-33.969624
2037,NSW,151.184458,-33.880179
2038,NSW,151.170165,-33.881624
2039,NSW,151.171915,-33.867187
2040,NSW,151.156819,-33.878774
2041,NSW,151.180095,-33.858556
2042,NSW,151.175354,-33.900649
2043,NSW,151.184665,-33.903521
2044,NSW,151.17074,-33.920698
2045,NSW,151.138684,-33.879301
2046,NSW,151.133865,-33.866044
2047,NSW,151.165735,-33.853924
2048,NSW,151.16564,-33.89418
2049,NSW,151.15085,-33.897219
2050,NSW,151.17598,-33.89037
2052,NSW,151.234417,-33.906561
2055,NSW,151.104935,-33.802837
2057,NSW,151.1899,-33.791988
2058,NSW,146.921,-31.2532
2059,NSW,151.104935,-33.802837
2060,NSW,151.204557,-33.839863
2061,NSW,151.212372,-33.848785
2062,NSW,151.21246,-33.822837
2063,NSW,151.214797,-33.812636
2064,NSW,151.183801,-33.813209
2065,NSW,151.192212,-33.828361
2066,NSW,151.160912,-33.818641
2067,NSW,151.17711,-33.798378
2068,NSW,151.202715,-33.800881
2069,NSW,151.195368,-33.780246
2070,NSW,151.162007,-33.78042
2071,NSW,151.1814551,-33.75536381
2072,NSW,151.153176,-33.754582
2073,NSW,151.130278,-33.757296
2074,NSW,151.123716,-33.735222
2075,NSW,151.16729,-33.723693
2076,NSW,151.108249,-33.723263
2077,NSW,151.097508,-33.691922
2079,NSW,151.112681,-33.666637
2080,NSW,151.143563,-33.658174
2081,NSW,151.150498,-33.619756
2082,NSW,151.138709,-33.54620871
2083,NSW,151.194452,-33.525322
2084,NSW,151.216929,-33.650999
2085,NSW,151.211719,-33.728782
2086,NSW,151.229211,-33.75185
2087,NSW,151.210531,-33.766093
2088,NSW,151.243351,-33.830687
2089,NSW,151.2228263,-33.84149573
2090,NSW,151.223094,-33.828949
2091,NSW,151.261,-33.8279
2092,NSW,151.241813,-33.796636
2093,NSW,151.258069,-33.79315
2094,NSW,151.273242,-33.795227
2095,NSW,151.294675,-33.815482
2096,NSW,151.28494,-33.776781
2097,NSW,151.297895,-33.739577
2099,NSW,151.279999,-33.748914
2100,NSW,151.257781,-33.766409
2101,NSW,151.27114,-33.707117
2102,NSW,151.290953,-33.689941
2103,NSW,151.302825,-33.679336
2104,NSW,151.290921,-33.664921
2105,NSW,151.278293,-33.642202
2106,NSW,151.314599,-33.660707
2107,NSW,151.323289,-33.634816
2108,NSW,151.322759,-33.60382
2109,NSW,151.113473,-33.771558
2110,NSW,151.149126,-33.836102
2111,NSW,151.124488,-33.829953
2112,NSW,151.108447,-33.81658
2113,NSW,151.130233,-33.79419
2114,NSW,151.084181,-33.810991
2115,NSW,151.059845,-33.813106
2116,NSW,151.036941,-33.814368
2117,NSW,151.04218,-33.797127
2118,NSW,151.043518,-33.775596
2119,NSW,151.064176,-33.755499
2120,NSW,151.07359,-33.731105
2121,NSW,151.079919,-33.774145
2122,NSW,151.092072,-33.791357
2123,NSW,150.999575,-33.815446
2124,NSW,151.139472,-33.886166
2125,NSW,151.031807,-33.752645
2126,NSW,151.043941,-33.724898
2127,NSW,151.076186,-33.85283
2128,NSW,151.047591,-33.835928
2129,NSW,151.069553,-33.864104
2130,NSW,151.135883,-33.892783
2131,NSW,151.124008,-33.887602
2132,NSW,151.113385,-33.882419
2133,NSW,151.102087,-33.898793
2134,NSW,151.101757,-33.880049
2135,NSW,151.084759,-33.881009
2136,NSW,151.087741,-33.892944
2137,NSW,151.103751,-33.85749
2138,NSW,151.086036,-33.846098
2139,NSW,151.095163,-33.835993
2140,NSW,151.070853,-33.835018
2141,NSW,151.044768,-33.872483
2142,NSW,151.015196,-33.832747
2143,NSW,151.021934,-33.885382
2144,NSW,151.026756,-33.851868
2145,NSW,150.9751544,-33.79382308
2146,NSW,150.959508,-33.789374
2147,NSW,150.935836,-33.766075
2148,NSW,150.900547,-33.783751
2150,NSW,151.006506,-33.814463
2151,NSW,151.012511,-33.78709
2152,NSW,150.996388,-33.782501
2153,NSW,150.955942,-33.731651
2154,NSW,151.000948,-33.73238
2155,NSW,150.931074,-33.731523
2156,NSW,150.974528,-33.656984
2157,NSW,150.991055,-33.602167
2158,NSW,151.040358,-33.690331
2159,NSW,151.084146,-33.539148
2160,NSW,150.976594,-33.835883
2161,NSW,150.983724,-33.858335
2162,NSW,151.004128,-33.88349
2163,NSW,150.979458,-33.887203
2164,NSW,150.875028,-33.844153
2165,NSW,150.947496,-33.872435
2166,NSW,150.92937,-33.892738
2167,NSW,150.890441,-33.972167
2168,NSW,150.875345,-33.915939
2170,NSW,150.921448,-33.928392
2171,NSW,150.8487366,-33.93771581
2172,NSW,150.917444,-33.951109
2173,NSW,150.919554,-34.074239
2174,NSW,150.856709,-33.977497
2175,NSW,150.848192,-33.845034
2176,NSW,150.88526,-33.872014
2177,NSW,150.879379,-33.895053
2178,NSW,150.838225,-33.87478
2179,NSW,150.812031,-33.933109
2190,NSW,151.053858,-33.901925
2191,NSW,151.085513,-33.906803
2192,NSW,151.089663,-33.921018
2193,NSW,151.12086,-33.910308
2194,NSW,151.101777,-33.917601
2195,NSW,151.076939,-33.924525
2196,NSW,151.057799,-33.930089
2197,NSW,150.998155,-33.901198
2198,NSW,150.986277,-33.908788
2199,NSW,151.023171,-33.905586
2200,NSW,151.014937,-33.926559
2203,NSW,151.138999,-33.90441
2204,NSW,151.155539,-33.912288
2205,NSW,151.147956,-33.937551
2206,NSW,151.122881,-33.926056
2207,NSW,151.119517,-33.948744
2208,NSW,151.098002,-33.942632
2209,NSW,151.075304,-33.94913
2210,NSW,151.052257,-33.957725
2211,NSW,151.03221,-33.961366
2212,NSW,151.014547,-33.947286
2213,NSW,150.997836,-33.964102
2214,NSW,150.981592,-33.941443
2216,NSW,151.148204,-33.955393
2217,NSW,151.140345,-33.974354
2218,NSW,151.117453,-33.973161
2219,NSW,151.132495,-33.996587
2220,NSW,151.101764,-33.966692
2221,NSW,151.10599,-33.992159
2222,NSW,151.084774,-33.964713
2223,NSW,151.071837,-33.980264
2224,NSW,151.101891,-34.01362
2225,NSW,151.087892,-33.997441
2226,NSW,151.063808,-34.009345
2227,NSW,151.085005,-34.04984
2228,NSW,151.101564,-34.037692
2229,NSW,151.120091,-34.05494
2230,NSW,151.136596,-34.093213
2231,NSW,151.193492,-34.029927
2232,NSW,151.064329,-34.061753
2233,NSW,151.027919,-34.114626
2234,NSW,151.004412,-34.021938
2250,NSW,151.189243,-33.325373
2251,NSW,151.401999,-33.482209
2252,NSW,151.234,-33.3208
2256,NSW,151.331154,-33.482123
2257,NSW,151.374403,-33.520358
2258,NSW,151.3433,-33.333187
2259,NSW,151.377213,-33.208801
2260,NSW,151.436939,-33.42537
2261,NSW,151.519708,-33.315827
2262,NSW,151.528042,-33.209125
2263,NSW,151.556223,-33.285097
2264,NSW,151.533807,-33.106675
2265,NSW,151.412119,-33.095552
2267,NSW,151.591728,-33.086545
2278,NSW,151.590415,-32.932412
2280,NSW,151.663175,-33.019715
2281,NSW,151.668857,-33.089963
2282,NSW,151.651275,-32.987279
2283,NSW,151.57181,-33.019117
2284,NSW,151.621183,-32.953236
2285,NSW,151.651095,-32.933305
2286,NSW,151.532669,-32.923321
2287,NSW,151.65807,-32.892577
2289,NSW,151.71008,-32.948567
2290,NSW,151.707801,-32.983963
2291,NSW,151.742882,-32.951039
2292,NSW,151.740716,-32.931589
2293,NSW,151.754696,-32.917776
2294,NSW,151.767408,-32.915791
2295,NSW,151.80174,-32.879469
2296,NSW,151.746237,-32.915698
2297,NSW,151.750126,-32.909135
2298,NSW,151.722243,-32.905633
2299,NSW,151.704581,-32.909816
2300,NSW,151.778021,-32.931635
2302,NSW,151.752466,-32.931265
2303,NSW,151.743325,-32.924571
2304,NSW,151.73862,-32.880319
2305,NSW,151.706545,-32.930221
2306,NSW,151.682517,-32.993286
2307,NSW,151.688102,-32.88365
2308,NSW,151.697356,-32.892884
2309,NSW,148.890775,-30.352158
2310,NSW,151.701,-32.1932
2311,NSW,151.522527,-32.3438
2312,NSW,152.3722113,-32.16165072
2314,NSW,151.840094,-32.797453
2315,NSW,152.193698,-32.746224
2316,NSW,152.083274,-32.776919
2317,NSW,152.076399,-32.720937
2318,NSW,151.851897,-32.769906
2319,NSW,152.039551,-32.730927
2320,NSW,151.543675,-32.741737
2321,NSW,151.683702,-32.660186
2322,NSW,151.65415,-32.819819
2323,NSW,151.607554,-32.757616
2324,NSW,152.332617,-32.623108
2325,NSW,151.317476,-32.977861
2326,NSW,151.453148,-32.785207
2327,NSW,151.486212,-32.820688
2328,NSW,150.564817,-32.57693
2329,NSW,150.187517,-32.047498
2330,NSW,150.972137,-32.760486
2331,NSW,151.171479,-32.61615
2333,NSW,150.701949,-32.248568
2334,NSW,151.385451,-32.728461
2335,NSW,151.319414,-32.642118
2336,NSW,151.102917,-32.14622
2337,NSW,151.080412,-31.966754
2338,NSW,151.029159,-31.735174
2339,NSW,150.603274,-31.735738
2340,NSW,151.138322,-31.333592
2341,NSW,150.611053,-31.34664
2342,NSW,150.54907,-31.155223
2343,NSW,150.372784,-31.505932
2344,NSW,150.729574,-31.17375
2345,NSW,150.875031,-30.864342
2346,NSW,150.5206378,-30.60226666
2347,NSW,150.523163,-30.281899
2348,NSW,146.921,-31.2532
2350,NSW,151.906153,-30.493397
2351,NSW,151.639627,-30.489129
2352,NSW,151.246189,-31.088119
2353,NSW,151.095609,-30.973619
2354,NSW,151.762627,-31.145898
2355,NSW,151.154222,-30.775229
2356,NSW,148.96949,-30.619798
2357,NSW,149.781025,-31.51588428
2358,NSW,151.297519,-30.540297
2359,NSW,150.9955739,-30.3248214
2360,NSW,151.162025,-29.630052
2361,NSW,151.141751,-29.198493
2365,NSW,151.673028,-30.115913
2369,NSW,151.265077,-29.985367
2370,NSW,151.869397,-29.736171
2371,NSW,151.814675,-29.36625
2372,NSW,151.7288939,-28.96166715
2379,NSW,149.754627,-31.126265
2380,NSW,150.199154,-31.046117
2381,NSW,150.457901,-31.244175
2382,NSW,150.17806,-30.595044
2386,NSW,148.924417,-30.07897
2387,NSW,149.1822101,-29.79568858
2388,NSW,149.001543,-30.427329
2390,NSW,149.767538,-30.413331
2395,NSW,149.440922,-31.584172
2396,NSW,148.984063,-30.777381
2397,NSW,149.690988,-29.925739
2398,NSW,149.795738,-29.741061
2399,NSW,150.222662,-29.409325
2400,NSW,149.462148,-29.474921
2401,NSW,150.331619,-29.611901
2402,NSW,150.547545,-29.441821
2403,NSW,150.7837543,-29.46368911
2404,NSW,150.4165507,-29.83711766
2405,NSW,149.647249,-28.894651
2406,NSW,148.847796,-28.893724
2408,NSW,150.5788791,-29.02809007
2409,NSW,150.185847,-28.707837
2410,NSW,150.6884812,-28.70513532
2411,NSW,150.307886,-29.131193
2415,NSW,151.888327,-32.306267
2420,NSW,151.685456,-32.239696
2421,NSW,151.543017,-32.601853
2422,NSW,151.865806,-31.973082
2423,NSW,152.270901,-32.364861
2424,NSW,151.964845,-31.6402
2425,NSW,152.002451,-32.417598
2426,NSW,152.595335,-31.817926
2427,NSW,152.686583,-31.842318
2428,NSW,152.454216,-32.196739
2429,NSW,152.292395,-31.770375
2430,NSW,152.503209,-31.899311
2431,NSW,153.053789,-30.925233
2439,NSW,152.652155,-31.654722
2440,NSW,153.019648,-30.375791
2441,NSW,152.7955009,-30.81816175
2442,NSW,152.848,-31.0605
2443,NSW,152.747152,-31.725436
2444,NSW,152.87253,-31.439614
2445,NSW,152.820899,-31.583037
2446,NSW,152.466916,-31.387394
2447,NSW,152.7145508,-30.82662169
2448,NSW,152.956681,-30.604667
2449,NSW,152.737629,-30.62816
2450,NSW,152.658268,-30.097726
2452,NSW,153.08188,-30.357168
2453,NSW,152.6703126,-30.36840993
2454,NSW,152.840266,-30.459807
2455,NSW,152.96348,-30.529366
2456,NSW,153.143409,-30.073663
2460,NSW,153.271074,-29.320772
2462,NSW,153.187047,-29.829194
2463,NSW,153.104789,-29.36691
2464,NSW,153.334228,-29.484556
2465,NSW,153.243897,-29.412622
2466,NSW,153.350886,-29.407475
2469,NSW,152.5892786,-29.05366265
2470,NSW,152.749759,-28.92786
2471,NSW,153.243213,-29.018999
2472,NSW,153.303855,-29.156771
2473,NSW,153.3210837,-29.2343298
2474,NSW,152.88504,-28.499375
2475,NSW,152.388341,-28.546257
2476,NSW,152.49765,-28.36456
2477,NSW,153.427314,-28.907675
2478,NSW,153.532475,-28.865483
2479,NSW,153.514963,-28.709545
2480,NSW,153.25943,-28.706486
2481,NSW,153.592843,-28.660756
2482,NSW,153.432398,-28.547307
2483,NSW,153.494236,-28.461128
2484,NSW,153.31648,-28.38059
2485,NSW,153.526816,-28.184241
2486,NSW,153.479217,-28.215215
2487,NSW,153.548588,-28.27973
2488,NSW,153.560693,-28.34099
2489,NSW,153.541853,-28.392183
2490,NSW,153.472644,-28.271718
2500,NSW,150.874294,-34.423171
2502,NSW,150.873081,-34.494723
2505,NSW,150.943899,-34.466406
2506,NSW,150.840792,-34.48494
2508,NSW,150.969679,-34.230944
2515,NSW,150.9299,-34.300293
2516,NSW,150.904835,-34.332109
2517,NSW,150.891169,-34.349362
2518,NSW,150.886721,-34.373654
2519,NSW,150.709623,-34.35558
2520,NSW,151.139594,-33.937789
2522,NSW,150.877805,-34.405103
2525,NSW,150.818904,-34.437229
2526,NSW,150.77681,-34.380765
2527,NSW,150.754592,-34.583539
2528,NSW,150.855135,-34.548722
2529,NSW,150.84584,-34.592433
2530,NSW,150.766132,-34.505411
2533,NSW,150.756883,-34.645377
2534,NSW,150.7510656,-34.74500177
2535,NSW,150.678303,-34.762116
2536,NSW,150.125945,-35.671272
2537,NSW,149.912199,-35.939649
2538,NSW,150.320507,-35.366161
2539,NSW,150.393202,-35.522387
2541,NSW,150.450994,-34.990592
2545,NSW,149.792292,-36.127663
2546,NSW,150.225372,-36.25486
2548,NSW,149.894825,-36.860723
2549,NSW,149.851694,-36.953196
2550,NSW,149.699222,-36.737758
2551,NSW,149.792364,-37.267687
2555,NSW,150.741351,-33.883376
2556,NSW,150.725207,-33.945707
2557,NSW,150.774858,-33.993545
2558,NSW,150.799483,-34.031602
2559,NSW,150.793614,-34.051274
2560,NSW,150.768408,-34.194216
2563,NSW,150.749847,-34.102735
2564,NSW,150.894916,-33.998362
2565,NSW,150.8618744,-33.97723383
2566,NSW,150.842258,-34.027283
2567,NSW,150.756493,-34.055155
2568,NSW,150.718007,-34.147379
2569,NSW,150.708875,-34.196004
2570,NSW,150.525292,-34.042913
2571,NSW,150.5152938,-34.30254366
2572,NSW,150.559186,-34.193052
2573,NSW,150.584634,-34.218439
2574,NSW,150.6685734,-34.4254438
2575,NSW,150.342214,-34.347195
2576,NSW,150.503502,-34.525612
2577,NSW,150.410978,-34.595027
2578,NSW,150.293226,-34.715579
2579,NSW,150.13033,-34.711848
2580,NSW,149.729215,-34.726283
2581,NSW,149.286631,-34.764484
2582,NSW,148.9655031,-34.75833012
2583,NSW,149.254163,-34.196526
2584,NSW,148.555243,-34.711018
2585,NSW,148.498501,-34.572329
2586,NSW,148.797264,-34.378631
2587,NSW,148.360971,-34.505797
2588,NSW,148.255601,-34.599488
2590,NSW,147.896911,-34.714515
2594,NSW,148.10732,-34.231083
2619,NSW,149.194535,-35.378159
2621,NSW,149.484038,-35.4698
2622,NSW,149.752107,-35.628428
2623,NSW,149.445083,-35.552827
2624,NSW,148.441281,-36.180818
2625,NSW,148.301005,-36.50661
2626,NSW,149.168553,-35.941228
2627,NSW,148.232341,-36.409113
2628,NSW,148.7203767,-36.39806355
2629,NSW,148.769744,-35.997349
2630,NSW,149.129166,-36.177296
2631,NSW,149.306729,-36.529386
2632,NSW,149.220453,-37.020122
2633,NSW,148.701564,-36.865206
2640,NSW,147.026549,-36.016196
2641,NSW,146.930436,-36.038655
2642,NSW,146.4617054,-35.39437569
2643,NSW,146.617535,-35.936556
2644,NSW,147.391271,-35.773247
2645,NSW,146.332431,-35.333843
2646,NSW,146.324523,-35.757569
2647,NSW,145.976131,-35.905463
2648,NSW,141.8018461,-33.29624634
2649,NSW,148.091211,-35.608279
2650,NSW,147.376202,-35.07459
2651,NSW,147.463477,-35.162259
2652,NSW,147.64961,-35.405064
2653,NSW,148.041339,-35.776209
2655,NSW,147.047366,-35.225102
2656,NSW,146.767674,-35.356021
2658,NSW,146.977849,-35.535739
2659,NSW,146.767477,-35.610147
2660,NSW,147.07831,-35.699906
2661,NSW,147.277559,-35.157697
2663,NSW,147.716767,-34.933478
2665,NSW,146.841533,-34.313241
2666,NSW,147.583811,-34.487779
2668,NSW,147.405434,-34.121499
2669,NSW,146.667476,-33.814887
2671,NSW,147.308172,-33.839275
2672,NSW,146.40002,-33.24358
2675,NSW,145.479249,-33.459192
2678,NSW,147.351953,-35.059334
2680,NSW,145.914625,-34.321422
2681,NSW,146.14674,-34.116715
2700,NSW,146.303599,-34.902108
2701,NSW,147.2465178,-34.70683231
2702,NSW,147.014242,-34.86668
2703,NSW,146.370827,-34.607943
2705,NSW,146.373471,-34.489867
2706,NSW,145.937532,-34.569464
2707,NSW,145.807866,-34.768863
2708,NSW,146.914,-36.0737
2710,NSW,144.984378,-35.357619
2711,NSW,144.695233,-34.257669
2712,NSW,145.872814,-35.754185
2713,NSW,145.52068,-35.586342
2714,NSW,145.2868727,-35.77427101
2715,NSW,142.6742276,-33.81289825
2716,NSW,145.627125,-35.24588
2717,NSW,142.0944482,-34.08796357
2720,NSW,148.383619,-35.379935
2721,NSW,147.712064,-34.04948
2722,NSW,148.102866,-35.053523
2725,NSW,147.815806,-34.44817
2726,NSW,148.326675,-34.78436
2727,NSW,148.390372,-34.983539
2729,NSW,147.923797,-35.227753
2730,NSW,148.034012,-35.510039
2731,NSW,144.641831,-35.893394
2732,NSW,144.230168,-35.542622
2733,NSW,144.206139,-35.013711
2734,NSW,143.387009,-34.770931
2735,NSW,143.426745,-35.129137
2736,NSW,143.375822,-34.965178
2737,NSW,142.87381,-34.574113
2738,NSW,142.225122,-34.164709
2739,NSW,142.1056955,-34.15375195
2745,NSW,150.671487,-33.871341
2747,NSW,150.7376907,-33.77413222
2748,NSW,150.72319,-33.811042
2749,NSW,150.686816,-33.702167
2750,NSW,150.678551,-33.755476
2751,NSW,151.280352,-33.732127
2752,NSW,150.585995,-33.936534
2753,NSW,150.646053,-33.604022
2754,NSW,150.72802,-33.557893
2755,NSW,150.780589,-33.60319
2756,NSW,150.88744,-33.466271
2757,NSW,150.692086,-33.554839
2758,NSW,150.601824,-33.483614
2759,NSW,150.781767,-33.82252
2760,NSW,150.780073,-33.763976
2761,NSW,150.84746,-33.742006
2762,NSW,150.880097,-33.700603
2763,NSW,150.89547,-33.725619
2765,NSW,150.860258,-33.663002
2766,NSW,150.850764,-33.810388
2767,NSW,150.8651828,-33.77972161
2768,NSW,150.922732,-33.737863
2769,NSW,150.9054927,-33.7054643
2770,NSW,150.810246,-33.756443
2773,NSW,150.626788,-33.768837
2774,NSW,150.62902,-33.732671
2775,NSW,150.918639,-33.305478
2776,NSW,150.553111,-33.666855
2777,NSW,150.587962,-33.692534
2778,NSW,150.484549,-33.728545
2779,NSW,150.45933,-33.7237
2780,NSW,150.435639,-33.832923
2782,NSW,150.366015,-33.704416
2783,NSW,150.431839,-33.725566
2784,NSW,150.407048,-33.729916
2785,NSW,150.181517,-33.707725
2786,NSW,150.317795,-33.533055
2787,NSW,150.153221,-34.06024
2790,NSW,150.356874,-33.310653
2791,NSW,149.164475,-33.634941
2792,NSW,149.08632,-33.626627
2793,NSW,148.90873,-33.783955
2794,NSW,148.664838,-33.898505
2795,NSW,149.474401,-33.820797
2797,NSW,148.952525,-33.605124
2798,NSW,149.158755,-33.462193
2799,NSW,149.267666,-33.571335
2800,NSW,149.116263,-33.233929
2803,NSW,148.523704,-34.176731
2804,NSW,148.633991,-33.539564
2805,NSW,148.420031,-33.64991
2806,NSW,148.375577,-33.375562
2807,NSW,148.562165,-34.036494
2808,NSW,149.02317,-33.976987
2809,NSW,148.432316,-33.972859
2810,NSW,148.054607,-33.902869
2817,NSW,148.7629,-31.3306
2818,NSW,148.6686,-32.5009
2820,NSW,148.989227,-32.553282
2821,NSW,148.110385,-32.255249
2822,NSW,148.558,-31.8948
2823,NSW,147.838499,-32.07687
2824,NSW,147.785831,-31.373201
2825,NSW,146.5079936,-31.92717863
2826,NSW,147.4794,-32.0288
2827,NSW,148.648353,-31.63315
2828,NSW,148.4918433,-31.42558954
2829,NSW,148.4543715,-30.63014904
2830,NSW,148.657282,-32.24224
2831,NSW,146.615174,-31.927892
2832,NSW,147.983033,-29.958521
2833,NSW,148.378523,-29.391492
2834,NSW,147.9287091,-29.12157608
2835,NSW,145.406579,-31.551822
2836,NSW,143.270562,-31.498123
2838,NSW,147.404,-29.3107
2839,NSW,146.94474,-29.8313
2840,NSW,145.251371,-30.205908
2842,NSW,149.051954,-31.690852
2843,NSW,149.727798,-31.82434
2844,NSW,149.319295,-31.924969
2845,NSW,150.04201,-33.404961
2846,NSW,150.118609,-33.071806
2847,NSW,149.969799,-33.404462
2848,NSW,149.964131,-32.901412
2849,NSW,150.059088,-32.708935
2850,NSW,149.602925,-32.685033
2852,NSW,149.45909,-32.280785
2864,NSW,148.731814,-33.340269
2865,NSW,148.5386077,-33.09511057
2866,NSW,148.904531,-33.007264
2867,NSW,148.611239,-32.965877
2868,NSW,148.561505,-32.740876
2869,NSW,148.266655,-32.584028
2870,NSW,148.16819,-33.035496
2871,NSW,147.811688,-33.476768
2873,NSW,147.260419,-32.269414
2874,NSW,147.538565,-32.619929
2875,NSW,147.603587,-32.915604
2876,NSW,147.772834,-33.159023
2877,NSW,146.6853835,-32.27339899
2878,NSW,144.495401,-32.823221
2879,NSW,142.666608,-32.366157
2880,NSW,142.203381,-30.170441
2890,NSW,150.1390075,-32.8310013
2891,NSW,151.209,-33.8688
2898,NSW,159.081217,-31.55247
2899,NSW,146.928783,-36.084231
3500,NSW,142.154161,-34.1931
3585,NSW,143.336906,-35.348388
3586,NSW,143.792594,-35.114021
3644,NSW,145.632682,-35.945353
3691,NSW,147.0344634,-36.09357335
3707,NSW,148.037958,-36.586316
4327,NSW,151.204557,-33.839863
4330,NSW,151.204557,-33.839863
4377,NSW,152.0460516,-28.53923902
4380,NSW,152.0579789,-28.65836586
4383,NSW,151.9694117,-28.94051178
4385,NSW,150.8803595,-28.75511649
0800,NT,130.83668,-12.458684
0801,NT,130.83668,-12.458684
0804,NT,130.873315,-12.428017
0810,NT,130.866242,-12.381806
0811,NT,130.866242,-12.381806
0812,NT,130.89047,-12.39124885
0813,NT,130.916098,-12.404778
0814,NT,130.866242,-12.381806
0815,NT,130.869,-12.3718
0820,NT,130.873315,-12.428017
0821,NT,136.947051,-13.643283
0822,NT,136.947051,-13.643283
0828,NT,130.932068,-12.432024
0829,NT,130.9597671,-12.45763297
0830,NT,130.9580765,-12.52139649
0831,NT,130.974879,-12.475071
0832,NT,130.9936551,-12.49684676
0834,NT,131.0234875,-12.54686461
0835,NT,131.0415,-12.5231
0836,NT,131.100668,-12.557754
0837,NT,131.016647,-12.704767
0838,NT,131.0067348,-12.71878122
0839,NT,131.0402017,-12.52001124
0840,NT,130.3529386,-12.72451307
0841,NT,130.969862,-12.81922863
0845,NT,131.038475,-13.045118
0846,NT,131.095002,-13.210299
0847,NT,131.759154,-14.012122
0850,NT,132.1721041,-14.46369137
0851,NT,137.050719,-15.711424
0852,NT,134.3769898,-16.07839
0853,NT,132.3791217,-14.53113365
0854,NT,136.424191,-16.503809
0860,NT,134.173599,-19.641301
0861,NT,134.500504,-18.874571
0862,NT,134.463153,-18.251528
0870,NT,133.86314,-23.702291
0871,NT,131.298809,-21.949513
0872,NT,131.298809,-21.949513
0873,NT,133.9306532,-23.76846799
0874,NT,133.8647591,-23.64690294
0875,NT,133.8354205,-23.71350386
0880,NT,135.7954286,-12.50557433
0881,NT,136.824863,-11.670366
0885,NT,136.420066,-13.85078586
0886,NT,132.563373,-13.13118
0906,NT,136.947051,-13.643283
0907,NT,136.947051,-13.643283
0909,NT,130.869,-12.3718
4825,NT,137.3869421,-20.00590952
4000,QLD,153.022126,-27.468391
4001,QLD,152.823141,-27.603479
4002,QLD,153.028,-27.4726
4003,QLD,152.348462,-24.872431
4004,QLD,149.316593,-24.045265
4005,QLD,153.045194,-27.470078
4006,QLD,153.175242,-27.36618
4007,QLD,153.061914,-27.436088
4008,QLD,153.1132012,-27.38837225
4009,QLD,153.105247,-27.405747
4010,QLD,153.04354,-27.433237
4011,QLD,153.059749,-27.419484
4012,QLD,153.05355,-27.399335
4013,QLD,153.074982,-27.397055
4014,QLD,153.084784,-27.373947
4017,QLD,153.047339,-27.318074
4018,QLD,153.031804,-27.349074
4019,QLD,153.088498,-27.248337
4020,QLD,153.0900858,-27.21066448
4021,QLD,153.07529,-27.220098
4022,QLD,153.046414,-27.211886
4025,QLD,153.393497,-27.162277
4029,QLD,153.026443,-27.449336
4030,QLD,153.029681,-27.42687
4031,QLD,153.030695,-27.408542
4032,QLD,153.019449,-27.385605
4034,QLD,153.040051,-27.354711
4035,QLD,152.979085,-27.356025
4036,QLD,153.008731,-27.314022
4037,QLD,152.936519,-27.341128
4051,QLD,153.000297,-27.427508
4053,QLD,152.98725,-27.399573
4054,QLD,152.956014,-27.409817
4055,QLD,152.92424,-27.393676
4059,QLD,153.008893,-27.452067
4060,QLD,152.985176,-27.445107
4061,QLD,152.944258,-27.45085
4064,QLD,152.999039,-27.464676
4065,QLD,152.975992,-27.462504
4066,QLD,152.964146,-27.479866
4067,QLD,153.005045,-27.500518
4068,QLD,152.976926,-27.506907
4069,QLD,152.898911,-27.502784
4070,QLD,152.871141,-27.559944
4072,QLD,152.330088,-27.548962
4073,QLD,152.951385,-27.549179
4074,QLD,152.921521,-27.554082
4075,QLD,152.975619,-27.552135
4076,QLD,152.921067,-27.584561
4077,QLD,152.967822,-27.605551
4078,QLD,152.950579,-27.612653
4101,QLD,153.009661,-27.484254
4102,QLD,153.0328,-27.495458
4103,QLD,153.028768,-27.512175
4104,QLD,153.011535,-27.515758
4105,QLD,153.018893,-27.534438
4106,QLD,153.004615,-27.552137
4107,QLD,153.030643,-27.552052
4108,QLD,153.020197,-27.568359
4109,QLD,153.057452,-27.57925
4110,QLD,153.009526,-27.612178
4111,QLD,153.052226,-27.550643
4112,QLD,153.087839,-27.611129
4113,QLD,153.077926,-27.590722
4114,QLD,153.110764,-27.652812
4115,QLD,153.022499,-27.643845
4116,QLD,153.050793,-27.633988
4117,QLD,153.08304,-27.644688
4118,QLD,153.027323,-27.673806
4119,QLD,153.109769,-27.611502
4120,QLD,153.044217,-27.508707
4121,QLD,153.053952,-27.526966
4122,QLD,153.088155,-27.543316
4123,QLD,153.116151,-27.583528
4124,QLD,152.967761,-27.701681
4125,QLD,153.04108,-27.730432
4127,QLD,153.142035,-27.629474
4128,QLD,153.174214,-27.652403
4129,QLD,153.186817,-27.681519
4130,QLD,153.24333,-27.669244
4131,QLD,153.136072,-27.669913
4132,QLD,153.084397,-27.681063
4133,QLD,153.102664,-27.723837
4151,QLD,153.058605,-27.500807
4152,QLD,153.096812,-27.501349
4153,QLD,153.131429,-27.510035
4154,QLD,153.158727,-27.49069
4155,QLD,153.156446,-27.5181
4156,QLD,153.154177,-27.558858
4157,QLD,153.207096,-27.568178
4158,QLD,153.1998,-27.487689
4159,QLD,153.209624,-27.502289
4160,QLD,153.243312,-27.506409
4161,QLD,153.226864,-27.533407
4163,QLD,153.26571,-27.535216
4164,QLD,153.260833,-27.569965
4165,QLD,153.263801,-27.623975
4169,QLD,153.040982,-27.484177
4170,QLD,153.074231,-27.470778
4171,QLD,153.06036,-27.456031
4172,QLD,153.103331,-27.458767
4173,QLD,153.120634,-27.475814
4174,QLD,153.129424,-27.450089
4178,QLD,153.232567,-27.425651
4179,QLD,153.234041,-27.390823
4183,QLD,153.451696,-27.545157
4184,QLD,153.384655,-27.676499
4205,QLD,153.156289,-27.687389
4207,QLD,153.204523,-27.733991
4208,QLD,153.27631,-27.767029
4209,QLD,153.392892,-27.805498
4210,QLD,153.279483,-27.932207
4211,QLD,153.241258,-28.035453
4212,QLD,153.360694,-27.869823
4213,QLD,153.318916,-28.110164
4214,QLD,153.365576,-27.967005
4215,QLD,153.397952,-27.967134
4216,QLD,153.419405,-27.839347
4217,QLD,153.412197,-28.008783
4218,QLD,153.41692,-28.037627
4219,QLD,153.434197,-28.111748
4220,QLD,153.434406,-28.084952
4221,QLD,153.45837,-28.127323
4222,QLD,153.052226,-27.550643
4223,QLD,153.415088,-28.19076
4224,QLD,153.489332,-28.150224
4225,QLD,153.517333,-28.168787
4226,QLD,153.40282,-28.06794
4227,QLD,153.410392,-28.101892
4228,QLD,153.37739,-28.182084
4229,QLD,153.413136,-28.077892
4230,QLD,153.38531,-28.077467
4270,QLD,153.135566,-27.862349
4271,QLD,153.201472,-27.91838
4272,QLD,153.183429,-27.960815
4275,QLD,153.134987,-28.111411
4280,QLD,152.9484212,-27.8104018
4285,QLD,152.975131,-28.056979
4287,QLD,152.822971,-28.259143
4300,QLD,152.884999,-27.682273
4301,QLD,152.858086,-27.629394
4303,QLD,152.840187,-27.604588
4304,QLD,152.80457,-27.620656
4305,QLD,152.753696,-27.627522
4306,QLD,152.725408,-27.480898
4307,QLD,152.592399,-27.851804
4309,QLD,152.523366,-27.98728
4310,QLD,152.600598,-28.121399
4311,QLD,152.438771,-27.418572
4312,QLD,152.482636,-27.256065
4313,QLD,152.321536,-27.089517
4314,QLD,152.2258022,-26.73342733
4340,QLD,152.472702,-27.803453
4341,QLD,152.396656,-27.68768
4342,QLD,152.377687,-27.543847
4343,QLD,152.224616,-27.656074
4344,QLD,152.060385,-27.572999
4345,QLD,152.336382,-27.549094
4346,QLD,152.588235,-27.56237
4347,QLD,152.142704,-27.655062
4350,QLD,151.852689,-27.576308
4352,QLD,151.94182,-27.627661
4353,QLD,151.904578,-27.256984
4354,QLD,151.887919,-27.343884
4355,QLD,152.008635,-27.18463
4356,QLD,151.550271,-27.663074
4357,QLD,151.103872,-27.957654
4358,QLD,151.859857,-27.7283
4359,QLD,152.03681,-27.794456
4360,QLD,151.907036,-27.853801
4361,QLD,151.948279,-27.965214
4362,QLD,151.841358,-28.050522
4363,QLD,151.739695,-27.676647
4364,QLD,151.396183,-27.710492
4365,QLD,151.597527,-28.017149
4370,QLD,151.9514612,-28.195678
4371,QLD,152.234242,-28.199024
4372,QLD,152.233089,-28.303067
4373,QLD,152.305204,-28.349373
4374,QLD,151.744738,-28.463902
4375,QLD,151.875003,-28.516957
4376,QLD,151.933783,-28.541494
4378,QLD,151.955491,-28.613948
4381,QLD,151.8704639,-28.77023423
4382,QLD,151.847374,-28.845315
4384,QLD,151.183208,-28.728006
4387,QLD,150.967836,-28.341631
4388,QLD,150.646259,-28.508802
4390,QLD,150.321016,-28.228906
4400,QLD,151.856298,-27.4855
4401,QLD,151.703647,-27.473135
4402,QLD,151.803967,-26.978981
4403,QLD,151.596963,-27.320633
4404,QLD,151.480666,-27.33128
4405,QLD,150.910979,-27.316799
4406,QLD,151.433657,-27.064207
4407,QLD,150.961981,-27.563685
4408,QLD,151.426657,-26.851248
4410,QLD,151.083543,-26.731753
4411,QLD,150.812644,-27.013381
4412,QLD,150.807058,-26.827837
4413,QLD,150.638563,-26.360226
4415,QLD,150.205114,-26.627339
4416,QLD,149.798038,-26.995752
4417,QLD,149.070172,-27.348199
4418,QLD,150.143323,-26.290166
4419,QLD,149.782504,-26.07176
4420,QLD,149.547307,-25.382928
4421,QLD,150.444304,-27.324371
4422,QLD,149.5902729,-27.57379527
4423,QLD,149.525379,-27.383801
4424,QLD,149.960268,-26.598388
4425,QLD,149.773144,-26.649074
4426,QLD,149.590426,-26.539914
4427,QLD,149.381938,-26.75002
4428,QLD,149.206489,-26.40373
4454,QLD,148.589834,-25.55725
4455,QLD,148.690231,-26.73282
4461,QLD,148.293883,-26.663912
4462,QLD,148.190376,-26.509225
4465,QLD,147.921117,-26.33317
4467,QLD,147.490282,-26.23368
4468,QLD,146.9228145,-26.0902162
4470,QLD,146.0999607,-26.73025809
4471,QLD,145.892163,-27.631116
4472,QLD,145.141177,-24.784155
4474,QLD,144.495283,-25.666985
4475,QLD,144.975368,-26.844909
4477,QLD,147.059769,-25.444837
4478,QLD,146.399409,-24.889395
4479,QLD,145.397502,-26.724017
4480,QLD,143.274156,-26.248504
4481,QLD,141.581266,-25.377582
4482,QLD,139.323274,-25.60309
4486,QLD,147.830117,-28.61221
4487,QLD,148.408512,-27.931188
4488,QLD,146.990784,-28.110523
4489,QLD,145.655744,-27.258572
4490,QLD,145.596265,-28.418047
4491,QLD,145.083656,-27.91583
4492,QLD,143.3368723,-27.99380024
4493,QLD,144.560358,-28.941714
4494,QLD,149.606552,-28.143515
4496,QLD,149.267966,-28.364992
4497,QLD,148.753584,-28.645485
4498,QLD,149.824698,-28.415979
4500,QLD,152.939438,-27.307845
4501,QLD,152.946201,-27.277628
4502,QLD,152.966813,-27.264974
4503,QLD,152.993187,-27.240638
4504,QLD,152.932083,-27.186624
4505,QLD,152.976886,-27.153669
4506,QLD,152.936289,-27.128401
4507,QLD,153.12414,-26.987776
4508,QLD,153.013716,-27.181203
4509,QLD,153.017319,-27.232691
4510,QLD,152.960273,-27.070177
4511,QLD,153.080799,-27.077933
4512,QLD,152.858311,-27.022484
4514,QLD,152.760081,-26.91784
4515,QLD,152.6006869,-26.97065604
4516,QLD,152.957238,-27.005542
4517,QLD,152.987647,-26.951082
4518,QLD,152.986033,-26.902425
4519,QLD,152.91803,-26.849388
4520,QLD,152.7947739,-27.22803309
4521,QLD,152.786172,-27.169774
4550,QLD,152.971346,-26.812085
4551,QLD,153.088435,-26.828067
4552,QLD,152.766898,-26.734305
4553,QLD,153.017962,-26.771797
4554,QLD,152.965037,-26.731692
4555,QLD,152.95452,-26.691701
4556,QLD,153.049784,-26.700379
4557,QLD,153.113416,-26.686321
4558,QLD,153.075373,-26.655067
4559,QLD,152.965013,-26.66324
4560,QLD,152.917384,-26.635087
4561,QLD,152.964814,-26.531487
4562,QLD,152.803089,-26.505863
4563,QLD,152.909206,-26.425754
4564,QLD,153.079239,-26.612359
4565,QLD,153.042307,-26.156837
4566,QLD,153.047416,-26.411731
4567,QLD,153.096957,-26.408596
4568,QLD,152.876607,-26.313995
4569,QLD,152.822844,-26.334574
4570,QLD,152.616943,-26.153831
4571,QLD,152.931885,-26.219743
4572,QLD,153.101997,-26.671589
4573,QLD,153.068303,-26.516942
4574,QLD,152.761131,-26.630369
4575,QLD,153.119478,-26.742043
4580,QLD,152.928987,-25.891004
4581,QLD,153.097862,-25.990771
4600,QLD,152.221081,-26.055099
4601,QLD,152.012412,-26.145002
4605,QLD,151.870256,-26.112408
4606,QLD,151.823079,-26.26117
4608,QLD,151.741338,-26.35256
4610,QLD,151.522575,-26.576904
4611,QLD,151.776012,-26.176717
4612,QLD,151.589811,-26.004636
4613,QLD,151.338904,-26.279772
4614,QLD,151.964673,-26.848329
4615,QLD,152.010432,-26.659559
4620,QLD,152.280868,-25.557047
4621,QLD,152.042802,-25.535828
4625,QLD,151.644182,-25.571054
4626,QLD,151.105529,-25.765416
4627,QLD,150.778657,-25.350178
4630,QLD,150.975499,-24.860668
4650,QLD,152.791302,-25.640978
4655,QLD,152.78368,-25.337998
4659,QLD,152.568678,-25.266279
4660,QLD,152.300968,-25.189298
4662,QLD,152.59878,-25.347212
4670,QLD,152.297855,-24.88776
4671,QLD,151.78942,-25.07645
4673,QLD,152.088816,-24.729644
4674,QLD,151.872531,-24.688503
4676,QLD,151.621961,-24.632323
4677,QLD,151.727736,-24.318471
4678,QLD,151.634285,-24.146903
4680,QLD,151.917285,-23.446826
4694,QLD,151.121567,-23.832434
4695,QLD,150.965859,-23.807115
4697,QLD,150.81952,-23.711361
4699,QLD,150.643168,-23.657893
4700,QLD,150.958111,-23.180174
4701,QLD,150.557538,-23.354937
4702,QLD,150.885772,-23.279639
4703,QLD,150.894331,-23.074563
4704,QLD,150.381164,-23.135744
4705,QLD,149.719215,-22.771751
4706,QLD,149.675382,-22.580866
4707,QLD,149.235514,-22.515013
4709,QLD,148.429161,-23.059653
4710,QLD,150.82635,-23.257223
4711,QLD,150.476229,-23.252534
4712,QLD,149.673726,-23.69521
4713,QLD,149.430965,-24.114138
4714,QLD,150.394906,-23.66268
4715,QLD,150.458694,-24.393618
4716,QLD,150.806049,-24.483472
4717,QLD,148.891333,-23.632816
4718,QLD,149.615027,-24.675045
4719,QLD,150.213774,-24.999569
4720,QLD,148.187851,-23.68492
4721,QLD,147.17431,-22.449259
4722,QLD,147.5596099,-24.55877013
4723,QLD,148.2009804,-23.02992213
4724,QLD,146.840497,-23.642723
4725,QLD,145.363533,-23.610575
4726,QLD,145.486391,-22.536444
4727,QLD,144.616977,-23.515643
4728,QLD,146.0994297,-22.77109111
4730,QLD,143.402522,-23.790711
4731,QLD,144.26853,-24.49928
4732,QLD,144.622118,-22.427636
4733,QLD,143.503025,-21.771226
4735,QLD,141.861769,-22.810583
4736,QLD,143.103133,-24.936614
4737,QLD,149.178072,-21.43004
4738,QLD,149.267446,-21.622237
4739,QLD,149.395052,-21.930567
4740,QLD,149.059737,-21.33763
4741,QLD,149.271699,-20.808597
4742,QLD,148.569564,-21.754127
4743,QLD,147.906986,-21.453727
4744,QLD,148.045134,-22.018392
4745,QLD,148.259592,-22.497884
4746,QLD,148.850932,-22.851944
4750,QLD,149.152281,-21.042567
4751,QLD,149.040703,-21.221858
4753,QLD,148.952546,-21.169015
4754,QLD,148.832763,-21.188063
4756,QLD,148.609682,-21.126329
4757,QLD,148.50081,-21.054268
4798,QLD,148.737792,-20.889915
4799,QLD,148.622011,-20.720423
4800,QLD,148.516317,-20.465423
4801,QLD,148.887166,-20.053296
4802,QLD,148.989038,-20.271072
4803,QLD,148.958824,-20.354067
4804,QLD,147.518462,-20.867952
4805,QLD,148.457987,-20.016612
4806,QLD,147.416856,-19.862878
4807,QLD,147.133033,-19.914965
4808,QLD,147.304401,-19.510071
4809,QLD,147.139821,-19.53085
4810,QLD,146.764659,-19.227783
4811,QLD,146.840325,-19.323109
4812,QLD,146.787716,-19.286635
4813,QLD,146.786368,-19.338928
4814,QLD,146.754745,-19.285821
4815,QLD,146.707586,-19.372329
4816,QLD,146.791529,-19.787858
4817,QLD,146.652307,-19.310498
4818,QLD,146.540275,-19.23794
4819,QLD,146.831766,-19.143944
4820,QLD,146.2483755,-20.08221328
4821,QLD,144.218437,-20.79424
4822,QLD,142.604872,-21.32840736
4823,QLD,141.243755,-19.214466
4824,QLD,140.652531,-20.777471
4828,QLD,138.350723,-19.543752
4829,QLD,140.22124,-23.329938
4830,QLD,138.862024,-17.956336
4849,QLD,146.027929,-18.265652
4850,QLD,146.49572,-18.552533
4852,QLD,146.09996,-17.830091
4854,QLD,145.842063,-18.020178
4855,QLD,146.010914,-17.815378
4856,QLD,145.924432,-17.741424
4857,QLD,146.059181,-17.748858
4858,QLD,146.078807,-17.622583
4859,QLD,145.959335,-17.608772
4860,QLD,145.888782,-17.520343
4861,QLD,145.872166,-17.352821
4865,QLD,145.782765,-17.095516
4868,QLD,145.729193,-16.993753
4869,QLD,145.730423,-17.025592
4870,QLD,145.742303,-16.923761
4871,QLD,145.994075,-16.934184
4872,QLD,145.157257,-18.028128
4873,QLD,145.299094,-16.230854
4874,QLD,142.267938,-12.533944
4875,QLD,143.769211,-9.584901
4876,QLD,142.465399,-11.33852
4877,QLD,145.467604,-16.535286
4878,QLD,145.711531,-16.839378
4879,QLD,145.666474,-16.789777
4880,QLD,145.2931511,-17.0488028
4881,QLD,145.5578365,-16.91252285
4882,QLD,145.47284,-17.202517
4883,QLD,145.476659,-17.33327
4884,QLD,145.7215575,-17.26633269
4885,QLD,145.624143,-17.384187
4886,QLD,145.633789,-17.535676
4887,QLD,145.386636,-17.384931
4888,QLD,145.491052,-17.499336
4890,QLD,141.185062,-17.741867
4891,QLD,140.92883,-17.447378
4892,QLD,143.4395495,-17.79980535
4895,QLD,145.7740021,-19.7061005
9000,QLD,152.823141,-27.603479
9001,QLD,152.823141,-27.603479
9002,QLD,152.823141,-27.603479
9005,QLD,152.823141,-27.603479
9007,QLD,152.823141,-27.603479
9009,QLD,152.823141,-27.603479
9010,QLD,152.823141,-27.603479
9013,QLD,152.823141,-27.603479
9015,QLD,152.823141,-27.603479
9464,QLD,153.074982,-27.397055
9726,QLD,153.412197,-28.008783
5000,SA,138.608637,-34.937459
5001,SA,139.273782,-35.120097
5005,SA,138.60351,-34.919398
5006,SA,138.584497,-34.911523
5007,SA,138.56787,-34.903259
5008,SA,138.559407,-34.887511
5009,SA,138.542493,-34.896906
5010,SA,138.558318,-34.857497
5011,SA,138.5353265,-34.87089128
5012,SA,138.541637,-34.86303
5013,SA,138.553453,-34.841984
5014,SA,138.509247,-34.86475
5015,SA,138.531567,-34.808422
5016,SA,138.493796,-34.824516
5017,SA,138.498128,-34.806494
5018,SA,138.49958,-34.779057
5019,SA,138.477054,-34.847707
5020,SA,138.481639,-34.867318
5021,SA,138.492908,-34.86628
5022,SA,138.49264,-34.905461
5023,SA,138.51199,-34.90073
5024,SA,138.506052,-34.948827
5025,SA,138.529573,-34.912384
5031,SA,138.570873,-34.936926
5032,SA,138.544358,-34.935734
5033,SA,138.558451,-34.938858
5034,SA,138.58811,-34.956227
5035,SA,138.575187,-34.952075
5037,SA,138.545826,-34.957399
5038,SA,138.548367,-34.968051
5039,SA,138.570739,-34.976263
5040,SA,138.527412,-34.963083
5041,SA,138.594176,-35.00298
5042,SA,138.575023,-35.007341
5043,SA,138.553853,-35.005492
5044,SA,138.516314,-35.001213
5045,SA,138.516973,-34.977122
5046,SA,138.535434,-35.003794
5047,SA,138.546572,-35.030702
5048,SA,138.520459,-35.017416
5049,SA,138.52272,-35.045389
5050,SA,138.601272,-35.026307
5051,SA,138.620405,-35.033769
5052,SA,138.618684,-35.003888
5061,SA,138.60648,-34.957195
5062,SA,138.602387,-35.004063
5063,SA,138.621477,-34.954325
5064,SA,138.649183,-34.963195
5065,SA,138.633974,-34.940362
5066,SA,138.66029,-34.940962
5067,SA,138.630575,-34.919985
5068,SA,138.654999,-34.922605
5069,SA,138.623527,-34.907597
5070,SA,138.642172,-34.900496
5071,SA,138.623005,-34.922911
5072,SA,138.696113,-34.912078
5073,SA,138.683151,-34.89528
5074,SA,138.669275,-34.884233
5075,SA,138.675254,-34.861332
5076,SA,138.703683,-34.873844
5081,SA,138.617673,-34.891417
5082,SA,138.587083,-34.886018
5083,SA,138.609927,-34.879357
5084,SA,138.581605,-34.864409
5085,SA,138.612959,-34.856239
5086,SA,138.64344,-34.854247
5087,SA,138.637707,-34.876988
5088,SA,138.673783,-34.847141
5089,SA,138.724487,-34.851049
5090,SA,138.704628,-34.843346
5091,SA,138.735572,-34.822615
5092,SA,138.680226,-34.821319
5093,SA,138.657974,-34.83977
5094,SA,138.581513,-34.802736
5095,SA,138.6199,-34.820685
5096,SA,138.644685,-34.798549
5097,SA,138.707261,-34.819614
5098,SA,138.638946,-34.829603
5106,SA,138.629463,-34.793169
5107,SA,138.609874,-34.784447
5108,SA,138.61884,-34.761553
5109,SA,138.663871,-34.771432
5110,SA,138.565037,-34.72213
5111,SA,138.62532,-34.709347
5112,SA,138.666615,-34.726229
5113,SA,138.674449,-34.702506
5114,SA,138.754254,-34.718681
5115,SA,138.681702,-34.669486
5116,SA,138.724059,-34.622783
5117,SA,138.636537,-34.641267
5118,SA,138.705675,-34.58378
5120,SA,138.507899,-34.668553
5121,SA,138.6507658,-34.68857809
5125,SA,138.738733,-34.773234
5126,SA,138.724953,-34.793414
5127,SA,138.674657,-34.796682
5131,SA,138.758111,-34.795292
5132,SA,138.75703,-34.857324
5133,SA,138.776976,-34.810928
5134,SA,138.760552,-34.891863
5136,SA,138.735107,-34.921123
5137,SA,138.735962,-34.945777
5138,SA,138.768586,-34.934914
5139,SA,138.788705,-34.924843
5140,SA,138.710203,-34.939245
5141,SA,138.722419,-34.957325
5142,SA,138.740223,-34.960813
5144,SA,138.769031,-34.968504
5150,SA,138.654942,-35.010886
5151,SA,138.723897,-34.974283
5152,SA,138.703957,-34.998401
5153,SA,138.757945,-35.091002
5154,SA,138.73592,-35.023252
5155,SA,138.756728,-35.020077
5156,SA,138.656697,-35.030185
5157,SA,138.633118,-35.143492
5158,SA,138.519781,-35.084001
5159,SA,138.603897,-35.061705
5160,SA,138.50172,-35.110123
5161,SA,138.515652,-35.096383
5162,SA,138.565224,-35.112119
5163,SA,138.552209,-35.147923
5164,SA,138.500365,-35.124824
5165,SA,138.475092,-35.137389
5166,SA,138.473209,-35.124126
5167,SA,138.481211,-35.166866
5168,SA,138.49632,-35.149737
5169,SA,138.477958,-35.194211
5170,SA,138.478943,-35.237265
5171,SA,138.553437,-35.196481
5172,SA,138.555169,-35.28775
5173,SA,138.470002,-35.290568
5174,SA,138.47117,-35.330569
5201,SA,138.727179,-35.206107
5202,SA,138.505922,-35.386025
5203,SA,138.388132,-35.450839
5204,SA,138.324567,-35.572164
5210,SA,138.655684,-35.387709
5211,SA,138.627975,-35.566153
5212,SA,138.668775,-35.520797
5213,SA,138.710195,-35.500615
5214,SA,138.834806,-35.491206
5220,SA,137.236746,-35.744959
5221,SA,137.72022,-35.793776
5222,SA,137.924659,-35.803421
5223,SA,137.541715,-35.811358
5231,SA,138.839512,-34.81588636
5232,SA,138.815964,-34.855449
5233,SA,138.882403,-34.839937
5234,SA,138.966075,-34.805141
5235,SA,139.084565,-34.705292
5236,SA,139.051698,-34.829433
5237,SA,139.191868,-34.823114
5238,SA,139.497207,-34.867709
5240,SA,138.815277,-34.906905
5241,SA,138.864359,-34.897167
5242,SA,138.819125,-34.998416
5243,SA,138.828161,-34.96322
5244,SA,138.946384,-34.938664
5245,SA,138.791651,-35.020412
5250,SA,138.8860811,-35.0417052
5251,SA,138.8734306,-35.13772392
5252,SA,138.947189,-35.035729
5253,SA,139.273641,-35.109083
5254,SA,139.475946,-35.097045
5255,SA,138.975861,-35.248539
5256,SA,139.0336,-35.492114
5259,SA,139.236567,-35.521405
5260,SA,139.511686,-35.233606
5261,SA,139.935161,-35.59601
5262,SA,140.904543,-36.780524
5263,SA,140.838441,-37.307042
5264,SA,139.275737,-35.669947
5265,SA,139.743422,-35.718823
5266,SA,139.815539,-35.902842
5267,SA,140.348707,-36.093534
5268,SA,140.788199,-36.189376
5269,SA,140.9291787,-36.46537527
5270,SA,140.601672,-36.404918
5271,SA,140.496496,-36.792946
5272,SA,140.321798,-37.162862
5273,SA,140.246064,-36.942586
5275,SA,139.937126,-36.61323
5276,SA,139.917377,-37.214147
5277,SA,140.852283,-37.435507
5278,SA,140.616636,-37.527142
5279,SA,140.462487,-37.574691
5280,SA,140.260783,-37.449179
5290,SA,140.764545,-37.839841
5291,SA,140.719634,-37.927953
5301,SA,140.030554,-35.449887
5302,SA,140.32532,-35.579513
5303,SA,140.685318,-35.191375
5304,SA,140.7825075,-35.05261065
5306,SA,139.690888,-35.096798
5307,SA,140.242147,-35.037558
5308,SA,140.050653,-34.627126
5309,SA,140.114394,-34.850669
5310,SA,140.367313,-34.794834
5311,SA,140.811093,-34.721845
5320,SA,139.4416527,-34.01813129
5321,SA,139.786627,-34.064708
5322,SA,139.955939,-34.177881
5330,SA,139.975421,-33.94707
5331,SA,140.3170402,-34.2200272
5332,SA,140.28104,-34.251101
5333,SA,140.6202534,-34.35703813
5340,SA,140.782026,-34.176844
5341,SA,140.753178,-33.739084
5342,SA,140.551874,-34.240296
5343,SA,140.556181,-34.321288
5344,SA,140.51443,-34.285345
5345,SA,140.454506,-34.187027
5346,SA,140.397201,-34.250013
5350,SA,138.83423,-34.550897
5351,SA,138.897802,-34.638218
5352,SA,138.9856268,-34.54472249
5353,SA,139.326979,-34.577328
5354,SA,139.652642,-34.538013
5355,SA,139.007886,-34.443966
5356,SA,139.3720816,-34.39697297
5357,SA,139.525937,-34.343393
5360,SA,138.897955,-34.446813
5371,SA,138.7560699,-34.41538531
5372,SA,138.798551,-34.435921
5373,SA,138.930335,-34.303007
5374,SA,139.12488,-34.152477
5381,SA,139.140266,-33.965473
5400,SA,138.7042845,-34.42150567
5401,SA,138.659866,-34.29774
5410,SA,138.768325,-34.366816
5411,SA,138.772345,-34.256363
5412,SA,138.775266,-34.18289
5413,SA,138.883459,-34.080278
5414,SA,138.773663,-33.949431
5415,SA,138.722876,-33.942677
5416,SA,138.796125,-33.804669
5417,SA,139.8482859,-33.66497478
5418,SA,139.143828,-33.357329
5419,SA,138.893337,-33.397741
5420,SA,138.961232,-33.252592
5421,SA,138.985832,-33.13467
5422,SA,138.771209,-32.97338
5431,SA,138.883978,-32.212021
5432,SA,139.1945693,-31.95109636
5433,SA,138.1056,-32.180856
5434,SA,138.70506,-31.568218
5440,SA,140.3153142,-32.21594669
5451,SA,138.620883,-34.092233
5452,SA,138.652781,-33.969454
5453,SA,138.582681,-33.802932
5454,SA,138.604466,-33.531714
5455,SA,138.633474,-33.673948
5460,SA,138.517968,-34.312427
5461,SA,138.444457,-34.095314
5462,SA,138.43015,-33.896378
5464,SA,138.39411,-33.676424
5470,SA,138.482681,-33.575379
5471,SA,138.424322,-33.47611
5472,SA,138.410287,-33.387234
5473,SA,138.351282,-33.257131
5480,SA,138.319834,-33.125751
5481,SA,138.239719,-33.012446
5482,SA,138.357347,-32.842201
5483,SA,138.12371,-32.8863
5485,SA,138.207041,-32.546383
5490,SA,138.482155,-33.169137
5491,SA,138.643794,-33.194457
5493,SA,138.746595,-33.015031
5495,SA,137.946255,-32.88219
5501,SA,138.547998,-34.595073
5502,SA,138.6228575,-34.49618603
5510,SA,138.188988,-33.9491
5520,SA,138.12018,-33.769107
5521,SA,138.210043,-33.567546
5522,SA,138.003325,-33.578188
5523,SA,138.2130413,-33.187701
5540,SA,138.080191,-33.205773
5550,SA,138.243785,-34.093038
5552,SA,137.862942,-34.061253
5554,SA,137.756193,-33.928029
5555,SA,138.191161,-33.656811
5556,SA,137.610828,-33.950853
5558,SA,137.598449,-34.105205
5560,SA,138.031867,-33.895055
5570,SA,137.956861,-34.272303
5571,SA,137.811541,-34.51494
5572,SA,137.812526,-34.237139
5573,SA,137.508603,-34.514149
5575,SA,137.544605,-34.823141
5576,SA,137.56046,-35.050773
5577,SA,137.1757976,-34.91058608
5580,SA,137.704719,-34.658726
5581,SA,137.748829,-34.789625
5582,SA,137.734592,-34.94231
5583,SA,137.825935,-35.117696
5600,SA,137.277293,-33.036339
5601,SA,137.7869937,-32.91326147
5602,SA,136.860876,-33.530464
5603,SA,136.499961,-33.831212
5604,SA,136.301759,-34.00333
5605,SA,136.154091,-34.2583
5606,SA,136.859338,-35.373243
5607,SA,136.456454,-35.156446
5608,SA,137.5325164,-33.05754209
5609,SA,137.4398767,-33.14979064
5611,SA,136.9795,-33.1001
5630,SA,135.61222,-34.420483
5631,SA,135.66453,-34.285785
5632,SA,135.635831,-34.129198
5633,SA,135.581933,-33.448521
5640,SA,136.437661,-33.606021
5641,SA,136.318517,-33.100172
5642,SA,136.103172,-33.558726
5650,SA,135.740152,-33.152294
5651,SA,135.528428,-33.169608
5652,SA,135.249834,-33.091309
5653,SA,135.229267,-32.967987
5654,SA,135.02092,-32.833204
5655,SA,135.0485689,-32.58529275
5660,SA,134.5219878,-32.5914954
5661,SA,134.7410492,-32.34533569
5670,SA,135.02078,-33.409359
5671,SA,134.673762,-33.21045
5680,SA,134.37909,-32.672797
5690,SA,133.582274,-32.282716
5700,SA,137.7541107,-32.69008918
5701,SA,139.3286491,-30.31830574
5710,SA,134.430044,-27.467217
5713,SA,137.8719,-32.3424
5715,SA,137.3609,-32.3299
5717,SA,135.1706,-32.2263
5719,SA,135.5033983,-30.59001247
5720,SA,136.9754357,-31.11831978
5722,SA,137.197175,-30.779803
5723,SA,135.5333868,-27.79517514
5724,SA,133.420868,-27.180602
5725,SA,136.746735,-30.430931
5730,SA,138.5935035,-31.12462639
5731,SA,140.7244103,-28.87101485
5732,SA,138.8558557,-30.65815918
5733,SA,138.9717811,-26.32008739
5734,SA,134.7481913,-26.09784494
5800,SA,139.273782,-35.120097
5810,SA,139.273782,-35.120097
5839,SA,139.273782,-35.120097
5942,SA,138.565906,-34.860017
5950,SA,138.530183,-34.945146
7000,TAS,147.308002,-42.878355
7001,TAS,146.356055,-43.535913
7002,TAS,147.446349,-42.899691
7004,TAS,147.328928,-42.890148
7005,TAS,147.3368,-42.916204
7006,TAS,147.344395,-42.908108
7007,TAS,147.319501,-42.922863
7008,TAS,147.293268,-42.861932
7009,TAS,147.289682,-42.842607
7010,TAS,147.212366,-42.85913
7011,TAS,147.230065,-42.793393
7012,TAS,147.174382,-42.833718
7015,TAS,147.360174,-42.83903
7016,TAS,147.346381,-42.813551
7017,TAS,147.315111,-42.719274
7018,TAS,147.385681,-42.877588
7019,TAS,147.433337,-42.898778
7020,TAS,147.47851,-42.965741
7021,TAS,147.480017,-42.906796
7022,TAS,147.47988,-43.053156
7023,TAS,147.409324,-42.988314
7024,TAS,147.512182,-42.950412
7025,TAS,147.439671,-42.730264
7026,TAS,147.451363,-42.646044
7027,TAS,147.383495,-42.536377
7030,TAS,146.958381,-42.304288
7050,TAS,147.298181,-42.975502
7051,TAS,147.327238,-42.987394
7052,TAS,147.309302,-43.008052
7053,TAS,147.334695,-42.947314
7054,TAS,147.256698,-43.00658
7055,TAS,147.285203,-42.994715
7109,TAS,146.524064,-43.571087
7112,TAS,147.140014,-43.291937
7113,TAS,146.970489,-43.091051
7116,TAS,147.03435,-43.262123
7117,TAS,147.040135,-43.338435
7119,TAS,147.365372,-42.431887
7120,TAS,147.48727,-42.31694
7139,TAS,145.925302,-42.715494
7140,TAS,146.45502,-42.544215
7150,TAS,147.958441,-43.077586
7151,TAS,146.64266,-41.518719
7155,TAS,147.216918,-43.128868
7162,TAS,147.209628,-43.158652
7163,TAS,147.227479,-43.209774
7170,TAS,147.449794,-42.85132
7171,TAS,147.488282,-42.78011
7172,TAS,147.631695,-42.730285
7173,TAS,147.630737,-42.823649
7174,TAS,147.743285,-42.807682
7175,TAS,147.828594,-42.818606
7176,TAS,147.837675,-42.753098
7177,TAS,147.976495,-42.884195
7178,TAS,147.906152,-42.958471
7179,TAS,147.944957,-43.033826
7180,TAS,148.006561,-43.138712
7182,TAS,147.9387592,-43.18182603
7183,TAS,147.750593,-43.171185
7184,TAS,147.7904396,-43.2198235
7185,TAS,147.753782,-43.062899
7186,TAS,147.663981,-43.029525
7187,TAS,147.848028,-43.027742
7190,TAS,148.091696,-42.62988
7209,TAS,147.614307,-42.104584
7210,TAS,147.410747,-41.915923
7211,TAS,147.317089,-41.788619
7212,TAS,147.488412,-41.567876
7213,TAS,147.781593,-41.828496
7214,TAS,147.897402,-41.600719
7215,TAS,148.281407,-42.314526
7216,TAS,148.076401,-41.284242
7248,TAS,147.130185,-41.397239
7249,TAS,147.157786,-41.472435
7250,TAS,147.077589,-41.432254
7252,TAS,146.99252,-41.148031
7253,TAS,146.83066,-41.117415
7254,TAS,147.198018,-41.13407
7255,TAS,148.329247,-39.949379
7256,TAS,144.159775,-39.830946
7257,TAS,148.338962,-40.505978
7258,TAS,147.209446,-41.499942
7259,TAS,147.357686,-41.358817
7260,TAS,147.502082,-41.158791
7261,TAS,147.567819,-41.12694
7262,TAS,147.630044,-40.801511
7263,TAS,147.702655,-41.308785
7264,TAS,148.1887585,-41.08241309
7265,TAS,147.823431,-41.08106
7267,TAS,147.086396,-41.264912
7268,TAS,147.152757,-41.333887
7270,TAS,146.783947,-41.177924
7275,TAS,146.835317,-41.319891
7276,TAS,146.972023,-41.293081
7277,TAS,146.996977,-41.366416
7290,TAS,147.068603,-41.512507
7291,TAS,147.013597,-41.530631
7292,TAS,146.944728,-41.472098
7300,TAS,147.223173,-41.616219
7301,TAS,147.046481,-41.600123
7302,TAS,146.988293,-41.70457
7303,TAS,146.815084,-41.594913
7304,TAS,146.165998,-41.710417
7305,TAS,146.412127,-41.352322
7306,TAS,146.193428,-41.465311
7307,TAS,146.57356,-41.210495
7310,TAS,146.239406,-41.237355
7315,TAS,146.072407,-41.303174
7316,TAS,145.931776,-41.269708
7320,TAS,145.862079,-41.08422
7321,TAS,145.503726,-41.456389
7322,TAS,145.804533,-41.044472
7325,TAS,145.607556,-41.100305
7330,TAS,145.057623,-40.782341
7331,TAS,145.275421,-40.758553
7466,TAS,145.807453,-42.291313
7467,TAS,145.529693,-42.093728
7468,TAS,145.537671,-42.706031
7469,TAS,145.201632,-41.784391
7470,TAS,145.500566,-41.902129
3000,VIC,144.956776,-37.817403
3001,VIC,144.956776,-37.817403
3002,VIC,144.982207,-37.818517
3003,VIC,144.949592,-37.810871
3004,VIC,144.970161,-37.844246
3005,VIC,144.950858,-37.824608
3006,VIC,144.9520744,-37.82528675
3008,VIC,144.948039,-37.814719
3010,VIC,144.961351,-37.796152
3011,VIC,144.907953,-37.807101
3012,VIC,144.861162,-37.807135
3013,VIC,144.888686,-37.814183
3015,VIC,144.880556,-37.838242
3016,VIC,144.888461,-37.863743
3018,VIC,144.812736,-37.86172
3019,VIC,144.854014,-37.784683
3020,VIC,144.829945,-37.777204
3021,VIC,144.796693,-37.743361
3022,VIC,144.793961,-37.795937
3023,VIC,144.770641,-37.78272
3024,VIC,144.649936,-37.75045631
3025,VIC,144.839704,-37.835562
3026,VIC,144.774986,-37.829923
3027,VIC,144.754147,-37.932419
3028,VIC,144.777165,-37.875066
3029,VIC,144.705831,-37.837165
3030,VIC,144.64209,-37.91624
3031,VIC,144.923403,-37.79119
3032,VIC,144.897221,-37.774486
3033,VIC,144.857638,-37.74107
3034,VIC,144.86194,-37.761235
3036,VIC,144.82246,-37.705324
3037,VIC,144.780474,-37.715579
3038,VIC,144.766873,-37.700454
3039,VIC,144.922995,-37.766184
3040,VIC,144.902556,-37.751845
3041,VIC,144.9011039,-37.72674618
3042,VIC,144.866305,-37.727529
3043,VIC,144.888368,-37.691916
3044,VIC,144.936356,-37.731138
3045,VIC,144.836195,-37.674739
3046,VIC,144.927968,-37.706578
3047,VIC,144.930247,-37.681105
3048,VIC,144.923609,-37.653917
3049,VIC,144.888492,-37.673182
3050,VIC,144.954581,-37.800324
3051,VIC,144.943559,-37.8006
3052,VIC,144.948903,-37.788996
3053,VIC,144.966112,-37.803569
3054,VIC,144.96724,-37.786971
3055,VIC,144.942222,-37.763584
3056,VIC,144.960108,-37.766292
3057,VIC,144.97728,-37.770012
3058,VIC,144.964524,-37.739901
3059,VIC,144.879626,-37.639887
3060,VIC,144.967874,-37.707326
3061,VIC,144.956763,-37.666265
3062,VIC,144.932557,-37.632986
3063,VIC,144.856082,-37.595015
3064,VIC,144.942199,-37.546522
3065,VIC,144.977795,-37.802608
3066,VIC,144.986906,-37.804846
3067,VIC,144.998203,-37.803515
3068,VIC,144.98622,-37.790974
3070,VIC,144.999745,-37.774064
3071,VIC,145.007006,-37.759426
3072,VIC,145.005702,-37.74247
3073,VIC,145.005955,-37.712474
3074,VIC,145.006644,-37.684684
3075,VIC,145.002679,-37.66607
3076,VIC,145.022137,-37.643598
3078,VIC,145.025853,-37.778298
3079,VIC,145.048573,-37.772675
3081,VIC,145.046401,-37.743008
3082,VIC,145.065658,-37.664858
3083,VIC,145.056223,-37.701346
3084,VIC,145.082685,-37.744406
3085,VIC,145.06988,-37.724398
3086,VIC,145.047012,-37.721328
3087,VIC,145.082426,-37.711787
3088,VIC,145.108339,-37.700175
3089,VIC,145.150369,-37.667713
3090,VIC,145.107802,-37.668408
3091,VIC,145.136688,-37.637478
3093,VIC,145.115208,-37.73919
3094,VIC,145.124727,-37.719759
3095,VIC,145.158579,-37.713299
3096,VIC,145.185826,-37.670851
3097,VIC,145.224204,-37.695254
3099,VIC,145.192854,-37.592101
3101,VIC,145.036575,-37.807397
3102,VIC,145.05219,-37.793805
3103,VIC,145.074116,-37.811738
3104,VIC,145.081714,-37.793695
3105,VIC,145.084806,-37.772477
3106,VIC,145.142675,-37.758335
3107,VIC,145.110677,-37.765225
3108,VIC,145.125797,-37.786429
3109,VIC,145.161649,-37.784786
3111,VIC,145.186334,-37.794054
3113,VIC,145.204689,-37.752123
3114,VIC,145.212599,-37.778595
3115,VIC,145.267586,-37.736734
3116,VIC,145.313086,-37.737629
3121,VIC,145.001788,-37.823303
3122,VIC,145.030602,-37.822725
3123,VIC,145.049415,-37.829752
3124,VIC,145.068191,-37.840867
3125,VIC,145.101,-37.851305
3126,VIC,145.075748,-37.827203
3127,VIC,145.097236,-37.825173
3128,VIC,145.122393,-37.828866
3129,VIC,145.125084,-37.806965
3130,VIC,145.149653,-37.81805
3131,VIC,145.174489,-37.817798
3132,VIC,145.196686,-37.819222
3133,VIC,145.192303,-37.848786
3134,VIC,145.257929,-37.823058
3135,VIC,145.248209,-37.819594
3136,VIC,145.282396,-37.779876
3137,VIC,145.313346,-37.819364
3138,VIC,145.322794,-37.78391
3139,VIC,145.532666,-37.814506
3140,VIC,145.363185,-37.759154
3141,VIC,144.991264,-37.840679
3142,VIC,145.017732,-37.84411
3143,VIC,145.019393,-37.858918
3144,VIC,145.034127,-37.857443
3145,VIC,145.049328,-37.873557
3146,VIC,145.057833,-37.857116
3147,VIC,145.092946,-37.867864
3148,VIC,145.090149,-37.882562
3149,VIC,145.128118,-37.880748
3150,VIC,145.168834,-37.914383
3151,VIC,145.151119,-37.85523
3152,VIC,145.221695,-37.864951
3153,VIC,145.270141,-37.845116
3154,VIC,145.31784,-37.856009
3155,VIC,145.284418,-37.861799
3156,VIC,145.292895,-37.917932
3158,VIC,145.324468,-37.910077
3159,VIC,145.3892,-37.921894
3160,VIC,145.350821,-37.935097
3161,VIC,145.019929,-37.873733
3162,VIC,145.023394,-37.892139
3163,VIC,145.057237,-37.896497
3164,VIC,145.23738,-38.02243
3165,VIC,145.059426,-37.922369
3166,VIC,145.089719,-37.902805
3167,VIC,145.087614,-37.923345
3168,VIC,145.12665,-37.91342
3169,VIC,145.115271,-37.945149
3170,VIC,145.167859,-37.920945
3171,VIC,145.156783,-37.944608
3172,VIC,145.13465,-37.975981
3173,VIC,145.164863,-38.006771
3174,VIC,145.17877,-37.966218
3175,VIC,145.208504,-38.016114
3176,VIC,145.23,-37.8992
3177,VIC,145.237462,-37.990985
3178,VIC,145.241589,-37.924431
3179,VIC,145.222634,-37.897137
3180,VIC,145.246731,-37.893263
3181,VIC,144.995504,-37.854683
3182,VIC,144.979478,-37.865322
3183,VIC,144.999026,-37.869072
3184,VIC,144.984034,-37.881414
3185,VIC,145.002571,-37.891841
3186,VIC,144.996329,-37.915066
3187,VIC,145.013593,-37.925371
3188,VIC,145.007238,-37.938889
3189,VIC,145.047802,-37.942021
3190,VIC,145.038147,-37.951394
3191,VIC,145.013472,-37.956585
3192,VIC,145.0623,-37.965655
3193,VIC,145.031561,-37.978698
3194,VIC,145.067356,-37.985059
3195,VIC,145.104105,-38.007024
3196,VIC,145.122762,-38.046479
3197,VIC,145.134111,-38.072748
3198,VIC,145.137811,-38.103194
3199,VIC,145.135961,-38.162578
3200,VIC,145.157574,-38.126458
3201,VIC,145.177905,-38.092874
3202,VIC,145.092698,-37.960555
3204,VIC,145.036783,-37.916956
3205,VIC,144.958176,-37.831693
3206,VIC,144.95086,-37.846534
3207,VIC,144.918044,-37.832179
3211,VIC,144.498479,-37.943586
3212,VIC,144.422666,-38.039958
3213,VIC,144.2894,-37.9406
3214,VIC,144.352385,-38.084781
3215,VIC,144.33452,-38.111002
3216,VIC,144.334005,-38.215906
3217,VIC,144.3707843,-38.23413976
3218,VIC,144.2894883,-38.13028025
3219,VIC,144.389533,-38.17277
3220,VIC,144.34652,-38.157038
3221,VIC,144.427419,-38.181608
3222,VIC,144.572989,-38.209921
3223,VIC,144.6217267,-38.13622989
3224,VIC,144.462401,-38.202905
3225,VIC,144.614191,-38.271074
3226,VIC,144.523761,-38.263811
3227,VIC,144.40814,-38.263052
3228,VIC,144.299978,-38.307545
3230,VIC,144.176397,-38.409363
3231,VIC,144.106892,-38.459435
3232,VIC,143.970167,-38.544977
3233,VIC,143.671777,-38.679417
3234,VIC,143.832394,-38.6791182
3235,VIC,143.924288,-38.411964
3236,VIC,143.712384,-38.521903
3237,VIC,143.474392,-38.716838
3238,VIC,143.429978,-38.781787
3239,VIC,143.448102,-38.564014
3240,VIC,144.174411,-38.263005
3241,VIC,143.892824,-38.20363
3242,VIC,143.740326,-38.346704
3243,VIC,143.82588,-38.364034
3249,VIC,143.557159,-38.388291
3250,VIC,143.584742,-38.311513
3251,VIC,143.648479,-38.155186
3254,VIC,143.52228,-38.289636
3260,VIC,143.244766,-38.209584
3264,VIC,142.884394,-38.232443
3265,VIC,142.952372,-38.178237
3266,VIC,143.133721,-38.407094
3267,VIC,143.06073,-38.466647
3268,VIC,142.908911,-38.535802
3269,VIC,143.177116,-38.660637
3270,VIC,142.870164,-38.602117
3271,VIC,142.98753,-37.888549
3272,VIC,142.853634,-37.982186
3273,VIC,142.660643,-37.981249
3274,VIC,142.478612,-37.960778
3275,VIC,142.457611,-38.301794
3276,VIC,142.481806,-38.0538178
3277,VIC,142.660221,-38.389835
3278,VIC,142.624719,-38.278013
3279,VIC,142.657483,-38.214555
3280,VIC,142.482889,-38.37884
3281,VIC,142.630109,-38.254454
3282,VIC,142.351658,-38.268176
3283,VIC,142.328761,-38.313434
3284,VIC,142.119266,-38.270398
3285,VIC,142.058916,-38.290199
3286,VIC,141.8361176,-37.9711005
3287,VIC,142.31953,-38.059868
3289,VIC,142.227754,-37.893196
3292,VIC,141.051987,-38.038873
3293,VIC,142.527253,-37.655945
3294,VIC,142.312764,-37.573978
3300,VIC,142.013356,-37.743155
3301,VIC,142.034141,-38.118855
3302,VIC,141.706379,-37.847981
3303,VIC,141.789606,-37.980868
3304,VIC,141.952156,-38.182084
3305,VIC,141.437227,-38.235475
3309,VIC,141.511007,-37.82644
3310,VIC,141.549163,-37.70789
3311,VIC,141.229722,-37.468159
3312,VIC,141.365747,-37.6391
3314,VIC,141.935665,-37.586718
3315,VIC,141.687516,-37.408371
3317,VIC,141.451647,-37.166673
3318,VIC,141.269571,-37.025316
3319,VIC,141.051389,-36.873961
3321,VIC,143.88056,-38.087758
3322,VIC,143.743305,-38.021333
3323,VIC,143.520934,-38.026314
3324,VIC,143.375414,-37.941939
3325,VIC,143.185911,-37.877452
3328,VIC,144.043058,-38.018664
3329,VIC,143.908716,-37.983701
3330,VIC,143.758576,-37.918437
3331,VIC,144.194625,-38.049195
3332,VIC,144.097178,-37.944446
3333,VIC,144.04476,-37.87179
3334,VIC,144.086089,-37.75803
3335,VIC,144.6698898,-37.69608887
3336,VIC,144.6684,-37.719
3337,VIC,144.5462424,-37.65724033
3338,VIC,144.571033,-37.705529
3340,VIC,144.394442,-37.787135
3341,VIC,144.308232,-37.573711
3342,VIC,144.239102,-37.651463
3345,VIC,144.123664,-37.5878
3350,VIC,143.864505,-37.571941
3351,VIC,143.637463,-37.758248
3352,VIC,143.662387,-37.482132
3353,VIC,144.835743,-37.7778
3354,VIC,143.867158,-37.560917
3355,VIC,143.82561,-37.530285
3356,VIC,143.82846,-37.592283
3357,VIC,143.883416,-37.653945
3358,VIC,143.7928013,-37.58012926
3360,VIC,143.5955266,-37.72758817
3361,VIC,143.373089,-37.752643
3363,VIC,143.88637,-37.420588
3364,VIC,143.907186,-37.334655
3370,VIC,143.815613,-37.252718
3371,VIC,143.635622,-37.196938
3373,VIC,143.343429,-37.457785
3374,VIC,142.956916,-37.231524
3375,VIC,143.143621,-37.424288
3377,VIC,142.956916,-37.231524
3378,VIC,142.985403,-37.528792
3379,VIC,142.521439,-37.534037
3380,VIC,142.771159,-37.0666
3381,VIC,142.7154,-36.988914
3384,VIC,143.2173081,-36.93829078
3385,VIC,142.647565,-36.904185
3387,VIC,142.9814278,-36.71744157
3388,VIC,142.693946,-36.597861
3390,VIC,142.487468,-36.583744
3391,VIC,142.446015,-36.092132
3392,VIC,142.6792298,-36.34199038
3393,VIC,142.387341,-36.257725
3395,VIC,142.441984,-35.918885
3396,VIC,142.329159,-35.7157
3399,VIC,142.357023,-36.608521
3400,VIC,142.203729,-36.725245
3401,VIC,141.940832,-36.881534
3402,VIC,142.666302,-37.164183
3407,VIC,141.948371,-37.298061
3409,VIC,141.8632367,-36.72484337
3412,VIC,141.366071,-36.658804
3413,VIC,141.201068,-36.699331
3414,VIC,142.093883,-36.388628
3415,VIC,141.339702,-36.352459
3418,VIC,141.538074,-36.074144
3419,VIC,141.101929,-36.226015
3420,VIC,141.017332,-36.41273
3423,VIC,141.940764,-36.13191
3424,VIC,141.930872,-35.727789
3427,VIC,144.707974,-37.643461
3428,VIC,144.811494,-37.591069
3429,VIC,144.728973,-37.56762
3430,VIC,144.806632,-37.494056
3431,VIC,144.69202,-37.474551
3432,VIC,144.792581,-37.448455
3433,VIC,144.752095,-37.413302
3434,VIC,144.750796,-37.35388
3435,VIC,144.743358,-37.179453
3437,VIC,144.513018,-37.501619
3438,VIC,144.602032,-37.457528
3440,VIC,144.546151,-37.413377
3441,VIC,144.603892,-37.399224
3442,VIC,144.548846,-37.330661
3444,VIC,144.544716,-37.171788
3446,VIC,144.374338,-37.184831
3447,VIC,144.322487,-37.157744
3448,VIC,144.387629,-37.075364
3450,VIC,144.214903,-37.061635
3451,VIC,144.21419,-37.125338
3453,VIC,144.281488,-36.950365
3458,VIC,144.33471,-37.424116
3460,VIC,144.144216,-37.351704
3461,VIC,144.170995,-37.287848
3462,VIC,144.053611,-37.083561
3463,VIC,144.05651,-36.957983
3464,VIC,143.841414,-37.019811
3465,VIC,143.611335,-37.021478
3467,VIC,143.412675,-37.105993
3468,VIC,143.379493,-37.261481
3469,VIC,143.280627,-37.172964
3472,VIC,143.657638,-36.864952
3475,VIC,143.51213,-36.70633
3477,VIC,143.230699,-36.688551
3478,VIC,143.230699,-36.688551
3480,VIC,142.968057,-36.31227
3482,VIC,142.766588,-36.17028
3483,VIC,142.890804,-35.901765
3485,VIC,142.671962,-35.711533
3487,VIC,142.616079,-35.515627
3488,VIC,142.427118,-35.435634
3489,VIC,142.425302,-35.332477
3490,VIC,141.4849679,-35.62103426
3491,VIC,142.218273,-35.434099
3494,VIC,142.348315,-34.486406
3496,VIC,142.144177,-34.287804
3498,VIC,142.172516,-34.238385
3501,VIC,142.100896,-34.243279
3502,VIC,145.25835,-37.972887
3505,VIC,142.004192,-34.180532
3506,VIC,141.385876,-35.204199
3507,VIC,142.035659,-35.120596
3509,VIC,141.680385,-35.155031
3512,VIC,141.121226,-35.39199
3515,VIC,144.062915,-36.729444
3516,VIC,144.041722,-36.607616
3517,VIC,143.886832,-36.483116
3518,VIC,143.586215,-36.474937
3520,VIC,143.810786,-36.405771
3521,VIC,144.912693,-37.090071
3522,VIC,144.747197,-37.050037
3523,VIC,144.768359,-36.837461
3525,VIC,143.364316,-36.2835
3527,VIC,143.241334,-36.07096
3529,VIC,143.232677,-35.824259
3530,VIC,143.152747,-35.701439
3531,VIC,142.943814,-35.616408
3533,VIC,142.839304,-35.384557
3537,VIC,143.744455,-36.079335
3540,VIC,143.45008,-35.89277
3542,VIC,143.406398,-35.700788
3544,VIC,143.1754083,-35.51717216
3546,VIC,142.850456,-35.060163
3549,VIC,142.820973,-34.766049
3550,VIC,144.285267,-36.764269
3551,VIC,144.457937,-36.78137
3552,VIC,145.011924,-37.825288
3554,VIC,144.279,-36.757
3555,VIC,144.245239,-36.777226
3556,VIC,144.178282,-36.656422
3557,VIC,144.576787,-36.63511
3558,VIC,144.638363,-36.51553
3559,VIC,144.805307,-36.570077
3561,VIC,144.709543,-36.321109
3562,VIC,144.46276,-36.062544
3563,VIC,144.515589,-36.256251
3564,VIC,144.6014151,-36.18096611
3565,VIC,144.511713,-36.182336
3566,VIC,144.383334,-35.945748
3567,VIC,144.262942,-35.931669
3568,VIC,144.184089,-35.809462
3570,VIC,144.28053,-36.515303
3571,VIC,144.206865,-36.36819
3572,VIC,144.257135,-36.266642
3573,VIC,144.297958,-36.164865
3575,VIC,144.159028,-36.055725
3576,VIC,143.917515,-36.128029
3579,VIC,143.769445,-35.767974
3580,VIC,144.094672,-35.639761
3581,VIC,143.78521,-35.628333
3583,VIC,143.66458,-35.509635
3584,VIC,143.637617,-35.431026
3588,VIC,143.470325,-35.29429
3589,VIC,143.441248,-35.228436
3590,VIC,143.493525,-35.235708
3591,VIC,143.394092,-35.202209
3594,VIC,143.346028,-35.138155
3595,VIC,143.351682,-35.202752
3596,VIC,143.327682,-35.123806
3597,VIC,143.189786,-34.965359
3599,VIC,143.143231,-34.729742
3607,VIC,145.179762,-36.839707
3608,VIC,145.095753,-36.740713
3610,VIC,145.229349,-36.577628
3612,VIC,145.019312,-36.575936
3614,VIC,145.30098,-36.479193
3616,VIC,145.145217,-36.464118
3617,VIC,145.178369,-36.423823
3618,VIC,145.125014,-36.37708
3619,VIC,144.936295,-37.659566
3620,VIC,145.082735,-36.284584
3621,VIC,144.961183,-36.206055
3622,VIC,144.87573,-36.231961
3623,VIC,144.976813,-36.461381
3624,VIC,144.965763,-36.410186
3629,VIC,145.260653,-36.287306
3630,VIC,145.403176,-36.380853
3631,VIC,145.526693,-36.428694
3632,VIC,145.603242,-36.544462
3633,VIC,145.46296,-36.307936
3634,VIC,145.440315,-36.224186
3635,VIC,145.30827,-36.142596
3636,VIC,145.479471,-36.093878
3637,VIC,145.329026,-36.050686
3638,VIC,145.246572,-36.03202
3639,VIC,145.047253,-36.021295
3640,VIC,145.486015,-36.00978
3641,VIC,145.428306,-35.89718
3643,VIC,145.631874,-35.955363
3646,VIC,145.704042,-36.247446
3647,VIC,145.704473,-36.385331
3649,VIC,145.688671,-36.082665
3658,VIC,145.111854,-37.241401
3659,VIC,145.07088,-37.110344
3660,VIC,145.257867,-37.035925
3661,VIC,146.535346,-38.195993
3662,VIC,144.9486555,-36.9356483
3663,VIC,145.158863,-36.910878
3664,VIC,145.298203,-36.927251
3665,VIC,145.357627,-36.844091
3666,VIC,145.565512,-36.786777
3669,VIC,145.708668,-36.625333
3670,VIC,145.852449,-36.623748
3671,VIC,145.420691,-36.385144
3672,VIC,145.977761,-36.554936
3673,VIC,146.062514,-36.669929
3675,VIC,146.266835,-36.565078
3676,VIC,146.338612,-36.341245
3677,VIC,146.330564,-36.358017
3678,VIC,146.482439,-36.68892
3682,VIC,146.428656,-36.174271
3683,VIC,146.604622,-36.180787
3685,VIC,146.470638,-36.056449
3687,VIC,146.415927,-36.018771
3688,VIC,146.717193,-36.119195
3689,VIC,144.989793,-37.67576
3690,VIC,146.864361,-36.135717
3694,VIC,146.919493,-36.150678
3695,VIC,147.123674,-36.304285
3697,VIC,147.17925,-36.68753
3698,VIC,147.149468,-36.722034
3699,VIC,147.299257,-36.844307
3700,VIC,147.35527,-36.335898
3701,VIC,147.476819,-36.638769
3704,VIC,147.49344,-36.132613
3705,VIC,147.769911,-36.322884
3708,VIC,147.942058,-36.070928
3709,VIC,147.667373,-36.035908
3711,VIC,145.682161,-37.41047
3712,VIC,145.839057,-37.3209
3713,VIC,145.90623,-37.241527
3714,VIC,145.687889,-37.210538
3715,VIC,145.739419,-36.985747
3717,VIC,145.435776,-37.286611
3718,VIC,145.54096,-37.144067
3719,VIC,145.608491,-37.041215
3720,VIC,145.850304,-37.017241
3722,VIC,146.253268,-37.202634
3723,VIC,146.256507,-36.894465
3724,VIC,146.076832,-37.053108
3725,VIC,145.937326,-36.414359
3726,VIC,145.960209,-36.332254
3727,VIC,145.957776,-36.242443
3728,VIC,145.959015,-36.148922
3730,VIC,145.974755,-36.051782
3732,VIC,146.313751,-36.686814
3733,VIC,146.316338,-36.812087
3735,VIC,146.603574,-36.515712
3736,VIC,146.479489,-36.455136
3737,VIC,146.82759,-36.554037
3738,VIC,146.75397,-36.587922
3739,VIC,146.864194,-36.641016
3740,VIC,146.834561,-36.731686
3741,VIC,147.063163,-36.962316
3744,VIC,146.95979,-36.788479
3746,VIC,146.51767,-36.31396
3747,VIC,146.725705,-36.361056
3749,VIC,146.8638108,-36.42031113
3750,VIC,145.005578,-37.596078
3751,VIC,145.052904,-37.554655
3752,VIC,145.074353,-37.619102
3753,VIC,144.959512,-37.476474
3754,VIC,145.112985,-37.593554
3755,VIC,145.142035,-37.563905
3756,VIC,144.956641,-37.41233
3757,VIC,145.182221,-37.469784
3758,VIC,145.052552,-37.354647
3759,VIC,145.247277,-37.650385
3760,VIC,145.288073,-37.624929
3761,VIC,145.292381,-37.585625
3762,VIC,144.936707,-37.354143
3763,VIC,145.353378,-37.521863
3764,VIC,144.900644,-37.263736
3765,VIC,145.346621,-37.814771
3766,VIC,145.384955,-37.817818
3767,VIC,145.347505,-37.839387
3770,VIC,145.416004,-37.708784
3775,VIC,145.365993,-37.642852
3777,VIC,145.513804,-37.606088
3778,VIC,145.623011,-37.537492
3779,VIC,145.784751,-37.539267
3781,VIC,145.487862,-37.938471
3782,VIC,145.433024,-37.938068
3783,VIC,145.596576,-37.947379
3785,VIC,145.316734,-37.885138
3786,VIC,145.332431,-37.878188
3787,VIC,145.350888,-37.866786
3788,VIC,145.377128,-37.848036
3789,VIC,145.357336,-37.889767
3791,VIC,145.379622,-37.896917
3792,VIC,145.405388,-37.89424
3793,VIC,145.429715,-37.874533
3795,VIC,145.430311,-37.836663
3796,VIC,145.384922,-37.786977
3797,VIC,145.786343,-37.867809
3799,VIC,145.818512,-37.727566
3800,VIC,145.134935,-37.910545
3802,VIC,145.255599,-37.971763
3803,VIC,145.265524,-38.009435
3804,VIC,145.325994,-37.980059
3805,VIC,145.304198,-38.037026
3806,VIC,145.349488,-38.025018
3807,VIC,145.371635,-38.048316
3808,VIC,145.42327,-38.002518
3809,VIC,145.406887,-38.069094
3810,VIC,145.472514,-38.04658
3812,VIC,145.565304,-38.070135
3813,VIC,145.634339,-38.064252
3814,VIC,145.669112,-38.10718
3815,VIC,145.726311,-38.01378
3816,VIC,145.787991,-38.043542
3818,VIC,145.867337,-38.096289
3820,VIC,145.922212,-38.207476
3821,VIC,145.945214,-37.919937
3822,VIC,145.989901,-38.194379
3823,VIC,146.065656,-38.210382
3824,VIC,146.16397,-38.245649
3825,VIC,146.342932,-37.978862
3831,VIC,146.013136,-37.993258
3832,VIC,145.945214,-37.919937
3833,VIC,145.851865,-37.84222154
3835,VIC,146.175271,-38.290637
3840,VIC,146.424457,-38.245215
3841,VIC,147.463,-37.5832
3842,VIC,146.414358,-38.315452
3844,VIC,146.607101,-38.316869
3847,VIC,146.772991,-38.166213
3850,VIC,147.106181,-38.224191
3851,VIC,147.084398,-38.035548
3852,VIC,147.1414369,-38.10361729
3853,VIC,146.059953,-38.095569
3854,VIC,146.596877,-38.12413
3856,VIC,146.672206,-38.063907
3857,VIC,146.694894,-38.018616
3858,VIC,146.8291658,-37.3690401
3859,VIC,146.848259,-37.886136
3860,VIC,146.805175,-37.571707
3862,VIC,147.130018,-37.55304411
3864,VIC,147.341513,-37.860878
3865,VIC,147.455946,-37.796743
3869,VIC,146.359836,-38.364689
3870,VIC,146.319351,-38.437946
3871,VIC,146.158866,-38.42207
3873,VIC,146.708775,-38.298267
3874,VIC,146.836248,-38.514438
3875,VIC,147.63201,-37.826032
3878,VIC,147.680121,-37.898544
3880,VIC,147.727389,-37.914728
3882,VIC,147.764385,-37.812017
3885,VIC,148.0696953,-37.01610136
3886,VIC,148.426851,-37.770977
3887,VIC,148.116641,-37.757895
3888,VIC,148.660943,-37.39051
3889,VIC,148.873952,-37.610841
3890,VIC,149.217216,-37.566489
3891,VIC,149.538907,-37.567684
3892,VIC,149.909868,-37.563775
3893,VIC,147.866067,-37.495349
3895,VIC,147.887515,-37.379331
3896,VIC,147.707962,-37.264671
3898,VIC,147.464799,-37.066169
3900,VIC,147.826143,-36.88053
3902,VIC,147.814894,-37.797042
3903,VIC,147.867533,-37.811303
3904,VIC,147.839367,-37.881041
3909,VIC,147.970237,-37.821921
3910,VIC,145.198328,-38.156369
3911,VIC,145.169556,-38.196908
3912,VIC,145.227373,-38.217991
3913,VIC,145.166426,-38.262273
3915,VIC,145.136622,-38.305806
3916,VIC,145.050587,-38.415199
3918,VIC,145.155546,-38.339871
3919,VIC,145.199777,-38.352327
3920,VIC,145.19304,-38.38752
3921,VIC,145.3687444,-38.41571044
3922,VIC,145.231974,-38.482182
3923,VIC,145.293632,-38.465552
3925,VIC,145.379683,-38.528213
3926,VIC,145.094502,-38.355231
3927,VIC,145.153269,-38.383368
3928,VIC,144.975131,-38.407828
3929,VIC,144.976673,-38.460965
3930,VIC,145.093743,-38.195017
3931,VIC,145.049503,-38.230038
3933,VIC,145.096992,-38.261168
3934,VIC,145.031598,-38.2783
3936,VIC,145.007626,-38.326447
3937,VIC,145.01994,-38.373694
3938,VIC,144.931834,-38.354321
3939,VIC,144.900413,-38.42776
3940,VIC,144.8754149,-38.37363083
3941,VIC,144.827203,-38.396077
3942,VIC,144.768301,-38.367874
3943,VIC,144.739101,-38.345527
3944,VIC,144.692708,-38.321871
3945,VIC,145.697053,-38.381582
3946,VIC,145.723537,-38.448155
3950,VIC,145.812945,-38.435217
3951,VIC,145.798419,-38.47372
3953,VIC,145.995174,-38.460127
3954,VIC,145.937973,-38.550379
3956,VIC,145.955341,-38.597018
3957,VIC,146.126718,-38.589302
3958,VIC,145.987059,-38.673841
3959,VIC,146.066529,-38.734636
3960,VIC,146.360412,-39.140761
3962,VIC,146.359804,-38.60357
3964,VIC,146.278804,-38.685115
3965,VIC,146.472132,-38.693437
3966,VIC,146.436583,-38.630568
3967,VIC,146.507929,-38.647562
3971,VIC,146.815723,-38.631942
3975,VIC,145.231114,-38.05354
3976,VIC,145.264296,-38.043995
3977,VIC,145.2695101,-38.1466398
3978,VIC,145.384606,-38.135009
3979,VIC,145.591284,-38.44818
3980,VIC,145.356937,-38.204448
3981,VIC,145.575,-38.207298
3984,VIC,145.563979,-38.312647
3987,VIC,145.689142,-38.309048
3988,VIC,145.811863,-38.313447
3989,VIC,-2.10323,49.1805
3990,VIC,145.501279,-38.455399
3991,VIC,145.466781,-38.483041
3992,VIC,145.534315,-38.569135
3995,VIC,145.630713,-38.578071
3996,VIC,145.745609,-38.629561
8001,VIC,144.76592,-38.365017
8002,VIC,144.982207,-37.818517
8003,VIC,144.957,-37.8183
8004,VIC,145.4689942,-36.5587997
8005,VIC,144.950858,-37.824608
8006,VIC,144.9593062,-37.8097006
8007,VIC,144.957,-37.8183
8008,VIC,144.970161,-37.844246
8009,VIC,144.964531,-37.817201
8010,VIC,146.293728,-38.185857
8011,VIC,144.9617461,-37.8113144
8012,VIC,144.948039,-37.814719
8045,VIC,144.970161,-37.844246
8051,VIC,144.970161,-37.844246
8066,VIC,144.970161,-37.844246
8069,VIC,144.970161,-37.844246
8070,VIC,144.970161,-37.844246
8071,VIC,144.970161,-37.844246
8102,VIC,144.970161,-37.844246
8107,VIC,144.970161,-37.844246
8111,VIC,144.970161,-37.844246
8120,VIC,144.970161,-37.844246
8205,VIC,144.970161,-37.844246
8785,VIC,145.208504,-38.016114
6000,WA,115.859912,-31.948762
6001,WA,115.763228,-31.99212
6003,WA,115.869136,-31.939272
6004,WA,115.874601,-31.956931
6005,WA,115.836896,-31.95707
6006,WA,115.852913,-31.92934
6007,WA,115.834335,-31.935675
6008,WA,115.811432,-31.956599
6009,WA,115.804692,-31.985791
6010,WA,115.77639,-31.971647
6011,WA,115.757646,-31.996371
6012,WA,115.763404,-32.015976
6014,WA,115.808169,-31.936389
6015,WA,115.764683,-31.938454
6016,WA,115.831181,-31.921222
6017,WA,115.814562,-31.908357
6018,WA,115.786821,-31.891957
6019,WA,115.769183,-31.90733
6020,WA,115.765396,-31.852698
6021,WA,115.811933,-31.871671
6022,WA,115.80924,-31.851998
6023,WA,115.774028,-31.834469
6024,WA,115.803068,-31.83489
6025,WA,115.754405,-31.79583
6026,WA,115.799832,-31.801707
6027,WA,115.756405,-31.763347
6028,WA,115.747655,-31.733717
6029,WA,115.755689,-31.876897
6030,WA,115.711684,-31.687341
6031,WA,115.772138,-31.692538
6032,WA,115.74887,-31.643227
6033,WA,115.711357,-31.609115
6034,WA,115.663878,-31.585614
6035,WA,115.729901,-31.524716
6036,WA,115.70986,-31.649385
6037,WA,115.616105,-31.48847
6038,WA,115.723047,-32.289149
6041,WA,115.568551,-31.379673
6042,WA,115.508625,-31.254414
6043,WA,115.424522,-31.141763
6044,WA,115.424656,-30.972846
6050,WA,115.871864,-31.930574
6051,WA,115.899589,-31.938107
6052,WA,115.883976,-31.915463
6053,WA,115.914851,-31.920863
6054,WA,115.942572,-31.901801
6055,WA,115.9734135,-31.82796346
6056,WA,116.0261,-31.838398
6057,WA,116.004245,-31.94994
6058,WA,116.006688,-31.985241
6059,WA,115.861726,-31.882862
6060,WA,115.840879,-31.903241
6061,WA,115.843478,-31.864113
6062,WA,115.89088,-31.886322
6063,WA,115.937824,-31.866822
6064,WA,115.849098,-31.835333
6065,WA,115.845329,-31.69444
6066,WA,115.896508,-31.84269
6067,WA,115.899644,-31.816059
6068,WA,115.941108,-31.826199
6069,WA,115.989248,-31.78156868
6070,WA,116.079266,-31.929036
6071,WA,116.100432,-31.889087
6072,WA,116.132045,-31.907828
6073,WA,116.28143,-31.949349
6074,WA,116.20454,-31.896593
6076,WA,116.208263,-32.108961
6077,WA,115.845329,-31.69444
6078,WA,115.845329,-31.69444
6079,WA,115.845329,-31.69444
6081,WA,116.146074,-31.876046
6082,WA,116.295706,-31.738368
6083,WA,116.196639,-31.793051
6084,WA,116.072828,-31.622021
6090,WA,115.894254,-31.862589
6100,WA,115.896029,-31.971725
6101,WA,115.908576,-31.985247
6102,WA,115.904425,-32.005644
6103,WA,115.913458,-31.960364
6104,WA,115.977633,-31.965498
6105,WA,115.963293,-31.95388
6106,WA,115.945564,-31.992082
6107,WA,115.967142,-32.017663
6108,WA,115.953584,-32.06089
6109,WA,116.013165,-32.039897
6110,WA,116.008603,-32.078535
6111,WA,116.192636,-32.10398
6112,WA,115.997934,-32.158675
6121,WA,115.916459,-32.208934
6122,WA,116.0072,-32.221725
6123,WA,115.98589,-32.295176
6124,WA,116.072494,-32.338316
6125,WA,115.901277,-32.364427
6126,WA,115.977043,-32.440033
6147,WA,115.941353,-32.043771
6148,WA,115.924691,-32.030183
6149,WA,115.858679,-32.064941
6150,WA,115.833608,-32.061682
6151,WA,115.869482,-31.982199
6152,WA,115.870058,-32.008509
6153,WA,115.837525,-32.024363
6154,WA,115.825994,-32.040061
6155,WA,115.890779,-32.061501
6156,WA,115.800233,-32.03954
6157,WA,115.783732,-32.038228
6158,WA,115.766561,-32.038541
6159,WA,115.750311,-32.035224
6160,WA,115.754545,-32.054065
6161,WA,115.520516,-32.005554
6162,WA,115.759022,-32.068768
6163,WA,115.798722,-32.084784
6164,WA,115.854584,-32.131993
6165,WA,115.799431,-32.19598
6166,WA,115.790704,-32.158361
6167,WA,115.835308,-32.223657
6168,WA,115.75773,-32.281957
6169,WA,115.763949,-32.338504
6170,WA,115.835972,-32.265645
6171,WA,115.833257,-32.328863
6172,WA,115.753147,-32.37547
6173,WA,115.757908,-32.407414
6174,WA,115.760224,-32.42656
6175,WA,115.755289,-32.445896
6176,WA,115.814323,-32.421669
6180,WA,115.728286,-32.557981
6181,WA,115.728286,-32.557981
6182,WA,115.832257,-32.44631007
6207,WA,115.959595,-32.514294
6208,WA,115.847592,-32.630616
6209,WA,115.728286,-32.557981
6210,WA,115.728286,-32.557981
6211,WA,115.728286,-32.557981
6213,WA,116.128249,-32.702065
6214,WA,115.859383,-32.750429
6215,WA,115.896715,-32.853807
6218,WA,115.903112,-32.946154
6220,WA,116.029777,-33.031221
6221,WA,115.907354,-33.119332
6223,WA,115.903221,-33.18208
6224,WA,115.846788,-33.245138
6225,WA,116.204886,-33.35257
6226,WA,115.847234,-33.291834
6227,WA,115.868603,-33.322813
6228,WA,115.776497,-33.338057
6229,WA,115.707383,-33.352103
6230,WA,115.649205,-33.341076
6231,WA,115.65556,-33.364375
6232,WA,115.704263,-33.316625
6233,WA,115.71443,-33.279034
6236,WA,115.828921,-33.410436
6237,WA,115.674056,-33.475994
6239,WA,115.923933,-33.564872
6240,WA,115.966143,-33.549593
6243,WA,116.206928,-33.68873
6244,WA,116.506912,-33.783171
6251,WA,115.888662,-33.682661
6252,WA,115.956731,-33.748279
6253,WA,116.03654,-33.773937
6254,WA,116.072643,-33.844406
6255,WA,116.155378,-33.971605
6256,WA,116.166583,-34.052334
6258,WA,116.402179,-34.312823
6260,WA,115.860627,-34.438738
6262,WA,116.141244,-34.706106
6271,WA,115.615674,-33.621176
6275,WA,115.626518,-34.055304
6280,WA,115.302732,-33.728945
6281,WA,115.0768,-33.610787
6282,WA,115.023916,-33.722885
6284,WA,115.188682,-33.857591
6285,WA,115.280972,-33.941351
6286,WA,115.176529,-34.061823
6288,WA,115.233622,-34.171024
6290,WA,115.142231,-34.293827
6302,WA,116.742895,-31.896269
6304,WA,116.76028,-32.176607
6306,WA,117.140629,-32.296524
6308,WA,116.665242,-32.579015
6309,WA,117.129227,-32.668322
6311,WA,117.120895,-32.803533
6312,WA,117.306862,-32.979123
6313,WA,117.243277,-33.05792
6315,WA,117.342795,-33.286272
6316,WA,117.384564,-33.532315
6317,WA,117.738912,-33.647362
6318,WA,117.651128,-33.862021
6320,WA,117.717905,-34.096397
6321,WA,117.398532,-34.26948
6322,WA,117.491623,-34.411973
6323,WA,117.62552,-34.486238
6324,WA,117.781468,-34.618289
6326,WA,117.785337,-34.769363
6327,WA,117.593417,-34.858542
6328,WA,118.462801,-34.919086
6330,WA,117.863286,-34.905438
6331,WA,117.884,-35.0269
6332,WA,115.974463,-32.046559
6333,WA,117.158861,-34.902512
6335,WA,118.112783,-33.869017
6336,WA,118.596801,-33.928235
6337,WA,119.237195,-33.990448
6338,WA,118.657118,-34.362864
6341,WA,118.215173,-33.513647
6343,WA,118.79925,-33.535559
6346,WA,120.349013,-33.319068
6348,WA,120.145773,-33.881306
6350,WA,117.783872,-33.281233
6351,WA,117.922069,-33.189372
6352,WA,118.086163,-33.185465
6353,WA,118.510341,-33.131383
6355,WA,119.098339,-33.032688
6356,WA,120.1323996,-32.88527809
6357,WA,118.724162,-32.80966
6358,WA,118.671921,-32.483917
6359,WA,119.311209,-32.42539
6361,WA,117.7572,-32.9894
6363,WA,118.004212,-32.919792
6365,WA,118.288784,-32.723142
6367,WA,118.351936,-32.422646
6368,WA,118.339949,-32.189465
6369,WA,118.806453,-32.023679
6370,WA,117.626013,-32.80605
6372,WA,117.7650983,-32.6530714
6373,WA,117.763902,-32.495421
6375,WA,117.879836,-32.286284
6383,WA,117.406271,-31.951084
6384,WA,117.666205,-31.955552
6385,WA,117.747301,-31.902072
6386,WA,117.815142,-31.950074
6390,WA,116.413369,-32.805438
6391,WA,116.773204,-33.0633
6392,WA,116.625294,-33.400929
6393,WA,116.85396,-33.538228
6394,WA,116.972036,-33.83319
6395,WA,117.065276,-33.885153
6396,WA,117.096189,-34.372016
6397,WA,116.955359,-34.543671
6398,WA,116.604043,-34.788611
6401,WA,116.681727,-31.640292
6403,WA,116.797476,-31.643902
6405,WA,117.020194,-31.605825
6407,WA,117.222062,-31.651142
6409,WA,117.471029,-31.605391
6410,WA,117.679993,-31.579991
6411,WA,117.905311,-31.550535
6412,WA,117.979823,-31.601076
6413,WA,118.064042,-31.555637
6414,WA,118.167797,-31.526755
6415,WA,118.289983,-31.481223
6418,WA,118.1626,-31.895542
6419,WA,118.097777,-32.031182
6420,WA,118.718262,-31.748338
6421,WA,118.524208,-31.327544
6422,WA,118.564405,-31.384119
6423,WA,118.681242,-31.169257
6424,WA,118.896267,-31.296345
6425,WA,119.143202,-31.398146
6426,WA,119.311267,-30.361305
6427,WA,119.540903,-30.850566
6428,WA,118.020545,-32.142001
6429,WA,120.898892,-30.949795
6430,WA,121.446478,-30.599071
6431,WA,122.683881,-30.40364
6432,WA,121.541783,-30.871011
6433,WA,121.504749,-30.78247
6434,WA,125.672818,-30.820157
6435,WA,120.44875,-28.219307
6436,WA,124.856838,-29.602251
6437,WA,120.529798,-27.68439
6438,WA,121.092655,-28.900034
6440,WA,125.733157,-26.168944
6442,WA,121.997641,-31.318648
6443,WA,123.744186,-32.39502
6445,WA,121.638735,-32.981696
6446,WA,121.682321,-33.223445
6447,WA,121.732214,-33.451323
6448,WA,121.798896,-33.650554
6450,WA,122.211127,-33.401152
6452,WA,122.895,-32.91833
6460,WA,116.779032,-31.266649
6461,WA,117.083327,-31.140717
6462,WA,117.204349,-31.125288
6463,WA,117.249295,-31.126499
6465,WA,117.071157,-30.859977
6466,WA,117.100375,-30.719092
6467,WA,117.153374,-30.561306
6468,WA,117.144456,-30.214559
6470,WA,117.287007,-30.466429
6472,WA,117.789878,-30.261439
6473,WA,118.13352,-30.488998
6475,WA,117.440487,-30.613981
6476,WA,117.679166,-30.764934
6477,WA,117.93876,-30.775956
6479,WA,118.448501,-30.748419
6480,WA,118.22061,-31.290084
6484,WA,119.078912,-30.960681
6485,WA,117.381055,-31.184717
6487,WA,117.660055,-31.168259
6488,WA,117.735836,-31.127571
6489,WA,117.945624,-31.12327
6490,WA,118.107061,-31.161835
6501,WA,115.945497,-31.541813
6502,WA,116.184272,-31.297561
6503,WA,115.82111,-31.237406
6504,WA,116.042298,-31.310791
6505,WA,116.104431,-31.161423
6506,WA,116.110277,-31.070282
6507,WA,115.718713,-30.72155
6509,WA,116.252618,-30.912266
6510,WA,116.090272,-30.701145
6511,WA,115.250201,-30.568116
6512,WA,116.070173,-30.446675
6513,WA,116.060619,-30.27368
6514,WA,115.087155,-30.027371
6515,WA,115.856422,-29.967278
6516,WA,115.20926,-30.22554
6517,WA,115.839422,-29.740667
6518,WA,115.180736,-29.774917
6519,WA,115.597715,-29.514304
6521,WA,115.640925,-30.348514
6522,WA,115.485567,-29.139369
6525,WA,115.098073,-29.327323
6528,WA,114.815184,-28.985892
6530,WA,114.862505,-28.802491
6531,WA,115.740693,-32.278396
6532,WA,115.004595,-28.440886
6535,WA,114.852437,-27.832196
6536,WA,114.379678,-27.541838
6537,WA,114.627287,-26.904889
6556,WA,116.310249,-31.860591
6558,WA,116.313391,-31.771446
6560,WA,116.428564,-31.817666
6562,WA,116.473434,-31.746189
6564,WA,116.538966,-31.726613
6566,WA,116.38064,-31.484853
6567,WA,116.419958,-31.459208
6568,WA,116.537461,-31.246581
6569,WA,116.452845,-31.085084
6571,WA,116.396621,-30.940448
6572,WA,116.396304,-30.804675
6574,WA,116.425241,-30.650914
6575,WA,116.424426,-30.410873
6603,WA,116.725982,-30.874243
6605,WA,116.762957,-30.730158
6606,WA,116.829163,-30.614263
6608,WA,116.826594,-30.429334
6609,WA,116.750631,-30.266489
6612,WA,117.835179,-29.545139
6613,WA,116.523551,-29.962626
6614,WA,116.551869,-29.888797
6616,WA,116.434223,-29.76691
6620,WA,116.6013512,-29.62372971
6623,WA,116.120459,-29.021683
6625,WA,115.946714,-29.107426
6627,WA,115.902023,-28.850457
6628,WA,115.764797,-28.833846
6630,WA,115.72384,-27.569679
6631,WA,115.755437,-28.46368
6632,WA,115.338356,-28.619887
6635,WA,116.689412,-28.150726
6638,WA,118.157573,-28.612449
6639,WA,119.409802,-27.68492
6640,WA,117.674648,-27.003199
6642,WA,118.554936,-25.639378
6646,WA,121.214907,-25.912724
6701,WA,115.15198,-24.734545
6705,WA,115.011494,-25.111289
6707,WA,113.954791,-22.265028
6710,WA,115.448968,-22.133456
6711,WA,115.001086,-21.461934
6712,WA,115.407335,-20.785813
6713,WA,116.709548,-20.676313
6714,WA,116.349933,-21.145063
6716,WA,116.311985,-21.605319
6718,WA,117.740969,-20.971499
6720,WA,117.067614,-20.699288
6721,WA,118.441716,-20.710799
6722,WA,118.606673,-20.407853
6723,WA,119.727488,-20.2103
6725,WA,122.753792,-18.773365
6726,WA,122.196423,-17.950181
6728,WA,124.591962,-17.090606
6731,WA,123.610523,-16.09862
6733,WA,123.753964,-16.134853
6740,WA,128.397192,-14.962686
6743,WA,129.662008,-17.293532
6751,WA,117.057776,-22.141251
6753,WA,119.714082,-23.154069
6754,WA,117.47663,-23.303751
6758,WA,120.282267,-22.055582
6760,WA,124.383893,-22.026615
6761,WA,120.469973,-20.403598
6762,WA,122.224801,-21.712224
6765,WA,125.282055,-18.752827
6770,WA,127.320764,-18.705507
6798,WA,105.64067,-10.487053
6799,WA,96.83152,-12.169719
6800,WA,115.763228,-31.99212
6803,WA,115.869136,-31.939272
6809,WA,115.763228,-31.99212
6817,WA,115.763228,-31.99212
6820,WA,115.763228,-31.99212
6827,WA,115.763228,-31.99212
6830,WA,115.763228,-31.99212
6831,WA,115.857527,-31.95505
6832,WA,115.866732,-31.958153
6837,WA,115.763228,-31.99212
6838,WA,115.763228,-31.99212
6839,WA,115.763228,-31.99212
6840,WA,115.763228,-31.99212
6841,WA,115.763228,-31.99212
6842,WA,115.763228,-31.99212
6843,WA,115.763228,-31.99212
6844,WA,115.763228,-31.99212
6845,WA,115.763228,-31.99212
6846,WA,115.763228,-31.99212
6847,WA,115.763228,-31.99212
6848,WA,115.763228,-31.99212
6849,WA,115.864,-31.9488
6850,WA,115.332906,-33.663414
6865,WA,115.869136,-31.939272
6872,WA,115.876395,-31.94319
6892,WA,115.817894,-31.777103
6900,WA,115.834335,-31.935675
6901,WA,115.875924,-31.944548
6902,WA,115.834335,-31.935675
6903,WA,115.834335,-31.935675
6904,WA,115.834628,-31.943654
6905,WA,121.628,-27.6728
6906,WA,115.760961,-31.982001
6907,WA,115.804692,-31.985791
6909,WA,115.804692,-31.985791
6910,WA,115.774504,-31.981493
6911,WA,115.761982,-32.403407
6912,WA,115.763135,-32.011748
6913,WA,115.808169,-31.936389
6914,WA,115.815211,-31.861596
6915,WA,115.848262,-31.954127
6916,WA,115.804802,-31.885883
6917,WA,115.804802,-31.885883
6918,WA,115.786821,-31.891957
6919,WA,115.756405,-31.763347
6920,WA,115.775442,-31.859408
6921,WA,115.791881,-31.882332
6922,WA,115.79501,-31.901385
6923,WA,115.754405,-31.79583
6924,WA,115.797347,-32.559825
6925,WA,116.208263,-32.108961
6926,WA,116.012518,-31.939027
6929,WA,115.848262,-31.954127
6931,WA,115.899589,-31.938107
6932,WA,115.882764,-31.923239
6933,WA,115.896545,-31.907152
6934,WA,115.921101,-31.915103
6935,WA,115.921132,-31.923723
6936,WA,116.013,-31.8918
6937,WA,115.846807,-31.896748
6938,WA,115.846807,-31.896748
6939,WA,115.846807,-31.896748
6940,WA,115.846807,-31.896748
6941,WA,115.855186,-31.842045
6942,WA,115.942572,-31.901801
6943,WA,115.89292,-31.887921
6944,WA,115.895533,-31.864862
6945,WA,115.893,-31.8556
6946,WA,115.715081,-31.617559
6947,WA,115.845329,-31.69444
6951,WA,115.821722,-32.068705
6952,WA,115.817919,-31.891696
6953,WA,115.837525,-32.024363
6954,WA,115.825994,-32.040061
6955,WA,115.890779,-32.061501
6956,WA,115.853588,-31.988065
6957,WA,115.783732,-32.038228
6958,WA,-120.74,47.7511
6959,WA,115.986396,-32.067114
6960,WA,115.816,-32.04
6961,WA,115.783732,-32.038228
6963,WA,115.788706,-32.076945
6964,WA,115.860179,-32.022746
6965,WA,115.798722,-32.084784
6966,WA,115.859834,-32.143195
6967,WA,115.75773,-32.281957
6968,WA,115.782689,-32.107766
6969,WA,115.745072,-32.264021
6970,WA,115.890779,-32.061501
6979,WA,115.896195,-31.954583
6980,WA,115.967142,-32.017663
6981,WA,115.876964,-31.951832
6982,WA,116.169125,-31.869817
6983,WA,115.904425,-32.005644
6984,WA,115.933458,-31.965766
6985,WA,115.600155,-33.625285
6986,WA,115.945564,-31.992082
6987,WA,115.967142,-32.017663
6988,WA,115.964764,-32.050009
6989,WA,116.009575,-32.039597
6990,WA,116.008461,-32.060407
6991,WA,116.095955,-32.09788
6992,WA,115.920395,-31.964503
6997,WA,116.095955,-32.09788
